A/S Nørresundby Bank,13.08,11.90,12.70,21.10,16.00,16.90,24.60,16.30,2.70,3.60,6.20,4.70,7.40,8.70,11.90,,,,,
Aarhus Lokalbank Aktieselskab,15.30,13.40,12.40,20.40,19.50,25.00,22.70,16.80,-1.10,0.60,-98.00,-87.80,,,,,,,,
Aars Bank A/S,-23.50,,,,,,,,,,,,,,,,,,,
Agri-Egens Sparekasse,5.00,-11.90,-2.60,-44.50,6.60,9.80,18.50,7.00,-5.10,-2.00,,,,,,,,,,
Aktieselskabet Arbejdernes Landsbank,12.00,9.40,8.10,18.80,12.50,11.50,13.70,7.90,-3.10,3.90,4.00,-0.10,16.30,13.40,6.90,6.10,9.15,20.83,4.84,8.44
"Alfred Berg SE, Copenhagen Branch",118.60,23.60,1.90,0.50,59.90,,,,,,,,,,,,,,,
Alm. Brand Bank A/S,8.56,15.00,12.90,14.90,15.70,23.00,14.50,15.20,-45.40,-321.70,-80.70,-106.30,-52.10,-43.20,-17.10,-20.40,2.60,4.00,-1.50,0.60
Almind Sparekasse,-3.30,2.50,1.30,-1.10,-11.30,-6.00,,,,,,,,,,,,,,
Amagerbanken,21.90,17.80,-7.30,22.70,27.00,39.40,36.00,22.70,-39.50,-35.50,-510.90,,,,,,,,,
Andelskassen Fælleskassen,2.10,-14.80,10.90,10.50,14.10,17.20,17.90,17.00,12.50,8.90,1.60,5.50,5.50,4.60,4.80,8.30,7.00,3.16,0.93,8.38
Andelskassen OIKOS,7.60,2.40,2.60,-5.00,3.40,4.70,14.30,-2.90,-4.63,-2.00,-6.80,7.00,6.45,-2.70,3.22,4.29,1.10,3.10,14.73,
Århus Andelskasse,-6.30,2.50,1.10,-6.90,-34.60,,,,,,,,,,,,,,,
ArosMaizels Investment Bank A/S,3.70,,,,,,,,,,,,,,,,,,,
"Arts Herred, Sparekassen for",8.80,10.60,13.70,17.10,17.90,15.30,18.80,-4.70,-26.40,-3.10,-5.50,-37.60,,,,,,,,
Astrup-Tulstrup-Hvilsted Sparekasse,0.80,2.20,6.30,-2.10,2.80,-4.80,-1.30,,,,,,,,,,,,,
Bank DNB  A/S,,,,,,,6.76,8.17,-7.00,-56.14,-28.24,0.29,,,,,,,,
Bank Trelleborg A/S,11.00,10.10,10.70,13.10,7.00,10.00,14.80,-3.74,,,,,,,,,,,,
Basisbank A/S,-342.30,-75.38,-16.20,3.70,27.00,54.90,30.70,6.40,-45.50,-4.90,-44.40,-66.50,-139.70,-73.70,2.10,-173.70,31.90,19.10,25.42,13.18
BG Bank A/S,6.40,,,,,,,,,,,,,,,,,,,
Boddum-Ydby Sparekasse,6.60,7.10,7.20,6.30,12.80,8.80,10.30,8.30,0.30,3.20,5.50,-5.00,,,,,,,,
Bonusbanken A/S,8.18,13.50,12.80,19.60,12.80,19.30,13.10,10.10,,,,,,,,,,,,
Borbjerg Sparekasse,11.80,15.00,13.50,1.20,10.30,10.70,23.05,4.80,-1.70,9.10,6.90,1.30,12.50,11.90,13.30,11.70,11.20,14.10,11.52,14.73
"Brenderup, J.A.K. Andelskassen",0.45,0.10,1.70,-15.00,-15.70,8.50,9.10,-11.10,-2.87,,,,,,,,,,,
BRFkredit Bank a/s,8.40,4.00,9.60,8.60,11.60,10.90,9.80,5.80,-11.80,-87.90,-9.60,-12.20,-5.70,-6.90,-21.50,,,,,
Broager Sparekasse,12.20,8.50,7.10,6.50,5.50,8.50,10.80,7.50,-4.60,5.10,0.10,3.40,-27.10,5.00,11.40,6.30,11.90,12.50,10.39,12.21
Brovst Sparekasse,1.90,3.10,6.00,8.10,7.40,13.90,,,,,,,,,,,,,,
Canto Bank A/S,,,,,,,,,,,,,,,,,,,0.48,1.63
Capinordic Bank A/S,,,,,,0.00,0.99,9.51,-22.72,,,,,,,,,,,
Carnegie Bank A/S,196.70,113.40,47.40,55.00,118.20,38.40,35.30,27.30,-17.60,-43.60,0.30,-29.10,8.90,,,,,,,
Coop Bank A/S,,,,,,,,,,,,,,-79.80,-53.90,-46.10,-33.89,-25.82,-14.18,-4.14
Danske Andelskassers Bank A/S,8.70,4.50,7.90,30.30,16.60,20.20,36.40,14.50,-25.20,3.70,9.10,-17.40,-12.70,-37.00,2.60,-1.10,2.40,7.00,7.62,22.10
Danske Bank A/S,16.40,21.10,19.00,21.60,16.51,21.81,20.00,17.10,-0.90,2.80,5.90,2.50,5.30,6.40,3.90,9.60,13.80,14.20,10.40,7.00
Den Jyske Sparekasse,13.80,13.00,11.60,15.00,10.70,14.60,13.50,6.40,-3.70,-4.00,1.00,-11.00,-7.90,-15.80,-9.20,2.68,5.22,7.19,,
Den Jyske Sparekasse A/S,,,,,,,,,,,,,,,,,,,6.09,8.81
Den lille Sparekasse,15.70,10.60,14.40,21.00,10.90,17.90,20.10,6.90,-37.70,,,,,,,,,,,
Dexia Bank A/S,7.00,-17.50,0.10,2.00,4.30,27.60,8.00,8.70,3.86,-14.22,-25.65,-24.56,-24.29,,,,,,,
DiBa Bank A/S,14.50,12.50,10.30,22.30,15.10,20.90,17.20,7.10,-19.90,-22.70,-11.50,9.60,-16.80,-115.10,,,,,,
Djurslands Bank A/S,17.70,18.50,15.70,21.90,13.60,17.30,20.40,17.10,3.40,8.40,7.40,4.60,8.40,6.30,8.70,8.60,10.20,12.60,8.40,12.60
Dragsholm Sparekasse,10.90,8.50,14.70,37.30,8.20,26.10,15.00,5.10,-5.70,-2.60,3.80,1.50,-4.00,-0.20,-0.50,-2.70,5.50,5.20,3.34,7.73
Dragstrup-Skallerup Sparekasse,4.10,2.70,1.00,-2.70,-6.20,,,,,,,,,,,,,,,
Dronninglund Sparekasse,8.50,11.80,4.30,7.30,9.00,8.90,10.00,7.10,1.30,1.20,-2.60,3.20,4.00,-22.90,3.70,6.90,7.80,8.10,5.30,
Durup Sparekasse,8.30,-2.40,0.90,7.70,7.20,12.80,,,,,,,,,,,,,,
"Ebeltoft, Andelskassen J.A.K",7.90,5.50,-1.40,5.80,5.00,3.00,4.40,7.60,0.90,1.00,-3.10,2.20,-4.00,,,,,,,
EBH Bank A/S,14.20,14.60,17.70,21.00,24.90,26.50,22.30,26.80,,,,,,,,,,,,
Egnsbank Fyn A/S,12.85,9.30,,,,,,,,,,,,,,,,,,
Eik Bank Danmark A/S,,-10.10,-22.10,5.00,10.20,26.80,35.10,16.10,-26.60,-41.30,-7.70,,,,,,,,,
Ekspres Bank A/S,,,,,,,,30.23,-1.24,-7.01,2.37,8.56,15.88,21.50,29.66,24.12,31.35,27.98,16.16,10.36
Facit Bank A/S,,,,,,,,,,,,,,,,,,,,-23.47
Fanefjord Sparekasse,6.90,13.40,14.50,11.50,11.40,11.80,18.60,8.30,-1.70,-1.30,1.30,-2.10,,,,,,,,
Fanø Sparekasse,14.80,13.90,15.20,10.00,12.30,12.40,17.60,2.60,-8.60,9.50,5.70,1.50,1.80,2.00,7.10,-3.70,0.40,-14.00,1.66,8.60
"Farsø, Sparekassen",13.70,8.30,6.20,13.50,11.00,14.30,20.50,13.10,-8.60,-8.80,-24.80,-29.10,,,,,,,,
Faster Andelskasse,3.20,9.60,9.50,9.40,11.30,9.90,16.10,0.70,-12.20,3.90,2.80,-11.50,3.70,3.60,3.80,2.70,2.91,2.95,3.85,1.18
FIH Erhvervsbank A/S,,,15.30,13.10,13.60,16.30,19.10,15.90,1.40,-0.80,3.30,-16.40,-23.60,5.00,0.69,0.95,,,,
FIH Kapital Bank A/S,,,,,,,,9.95,3.40,1.00,-0.20,7.50,-5.00,,,,,,,
Finansbanken A/S,3.30,-8.50,-25.00,0.10,10.10,7.30,3.90,18.50,-9.20,-49.00,,,,,,,,,,
Fionia Bank A/S,15.90,14.90,11.40,16.50,15.60,21.90,24.60,16.20,-64.20,,,,,,,,,,,
Fjaltring-Trans Sparekasse,9.30,8.90,8.40,6.50,9.10,-0.16,-2.56,7.59,3.14,13.37,-2.09,5.85,12.40,-0.10,-1.50,-8.30,-1.70,,,
Fjordbank Mors A/S,19.20,10.00,9.90,14.00,14.10,15.10,19.90,18.70,-18.50,-36.80,-21.10,,,,,,,,,
Flakkebjerg og Omegns Sparekasse,1.20,-3.90,0.70,-6.60,-3.00,-7.00,,,,,,,,,,,,,,
Flemløse Sparekasse,14.50,10.30,6.60,30.00,10.80,11.40,12.82,11.40,0.60,0.70,5.60,1.00,-8.50,7.00,7.60,6.30,0.20,,,
Folkesparekassen,10.60,9.00,11.60,10.20,9.90,0.70,10.00,12.50,5.00,4.00,4.00,2.20,3.90,4.00,4.10,1.60,5.50,5.40,0.78,2.94
Forstædernes Bank A/S,24.00,19.40,11.90,18.20,27.00,31.40,31.40,18.30,-61.10,,,,,,,,,,,
Frørup Andelskasse,16.60,11.40,15.20,14.70,17.90,15.80,19.40,9.50,-5.00,10.60,8.50,-1.20,8.00,8.40,3.70,4.20,4.00,5.18,1.32,7.64
Frøs Sparekasse,11.10,10.90,6.00,14.20,8.00,11.70,12.90,8.00,0.00,4.90,-4.50,2.80,3.90,0.00,4.00,-9.20,11.40,4.80,6.86,7.26
Frøslev-Mollerup Sparekasse,12.00,7.20,8.70,8.10,7.70,6.80,11.38,6.30,-4.30,4.40,0.70,4.70,11.10,5.90,-1.40,3.60,3.90,10.91,8.68,8.61
Fruering-Vitved Sparekasse,7.80,3.60,6.10,-6.30,8.10,6.00,17.10,4.00,-8.00,-2.50,-5.20,,,,,,,,,
Funder Fælleskasse Andelskasse,3.10,3.60,3.00,2.30,1.90,2.30,2.50,3.50,2.90,1.50,1.00,0.90,0.60,0.30,,,,,,
Fuur Sparekasse,3.00,2.90,3.60,-0.70,2.80,0.40,,,,,,,,,,,,,,
Fynske Bank A/S,13.50,12.90,14.70,20.10,16.20,17.30,18.50,14.70,9.20,5.90,7.70,3.90,2.60,0.70,6.30,4.80,9.70,9.50,9.10,8.00
Galten Sparekasse,17.10,2.50,12.20,9.50,8.50,12.90,16.70,,,,,,,,,,,,,
"Grønlandsbanken, Aktieselskab",14.20,18.00,15.30,12.40,12.40,14.50,16.30,17.30,11.20,15.20,13.50,10.10,16.50,14.30,14.70,11.70,12.32,14.07,14.34,14.49
Gudme Raaschou Bank A/S,2.80,-32.30,-18.20,4.30,5.00,20.90,18.00,9.10,-505.90,,,,,,,,,,,
Hals Sparekasse,10.20,6.10,14.40,4.80,9.00,9.80,22.90,8.40,-3.80,6.10,1.20,3.40,2.00,-2.20,-15.50,,,,,
Hårslev Sparekasse,0.30,1.50,9.60,1.50,9.60,12.90,9.80,-95.60,,,,,,,,,,,,
Hassing-Villerslev Sparekasse,-2.10,3.60,,,,,,,,,,,,,,,,,,
Helgenæs Sparekasse,5.90,0.40,5.40,2.20,6.70,3.40,1.50,1.20,-35.16,15.40,21.90,31.70,,,,,,,,
Hellevad-Ørum Sparekasse,11.00,11.60,15.30,10.40,10.50,,,,,,,,,,,,,,,
Helligsø-Gettrup Sparekasse,4.00,7.20,1.40,2.90,-45.90,,,,,,,,,,,,,,,
Holstebro Andelskasse J.A.K,0.50,2.80,3.10,1.70,-0.12,,,,,,,,,,,,,,,
Hover Sparekasse,6.00,7.30,18.01,1.49,0.33,-1.94,-0.72,,,,,,,,,,,,,
Hunstrup-Østerild Sparekasse,3.30,2.50,12.60,7.50,12.60,15.60,10.20,5.60,-4.20,0.40,1.30,1.10,,,,,,,,
HVIDBJERG BANK A/S,,,,,,,,,,,,,,,,,,,,21.73
Hvidbjerg Bank. Aktieselskab,19.10,15.80,14.30,23.20,11.40,12.40,13.70,6.90,3.20,1.90,-13.50,-13.00,-15.60,-10.60,11.50,13.50,12.66,13.89,15.37,
Hvidbjerg-Ørum Sparekasse,4.40,6.90,5.20,-3.20,-2.60,,,,,,,,,,,,,,,
Hvilsager-Lime Sparekasse,3.90,3.80,5.40,-3.60,-8.60,,,,,,,,,,,,,,,
J.A.K. Andelskassen Varde,6.61,7.08,11.60,4.20,3.77,6.03,4.85,7.26,5.39,1.08,-2.19,-15.26,,,,,,,,
J.A.K. Østfyns Andelskasse,1.28,1.90,0.30,0.00,-1.20,-0.50,0.00,,,,,,,,,,,,,
"JAK-Andelskassen, Hjørring",-1.10,-2.60,,,,,,,,,,,,,,,,,,
Jelling Sparekasse,6.60,6.10,9.80,9.50,9.90,12.50,18.70,,,,,,,,,,,,,
Jelstrup-Lyngby Sparekasse,4.60,,,,,,,,,,,,,,,,,,,
Jerslev Sparekasse,1.00,4.50,4.50,7.80,12.50,10.50,,,,,,,,,,,,,,
Jutlander Bank A/S,13.00,10.50,13.10,20.00,16.10,18.80,21.70,17.90,2.70,1.10,-3.90,-9.60,0.70,0.80,1.30,10.10,9.30,11.70,9.26,14.13
Jyske Bank A/S,20.30,13.20,16.90,24.60,25.00,24.50,29.20,23.40,11.90,5.00,7.40,4.20,5.30,13.80,12.90,10.20,11.40,11.10,8.10,7.60
Klim Sparekasse,17.50,9.90,6.30,13.10,16.30,18.20,24.20,12.60,-0.80,8.70,0.70,3.50,8.10,11.30,11.90,8.80,10.50,12.00,8.14,13.41
Københavns Andelskasse,-2.40,-21.40,2.00,6.90,7.00,12.90,13.80,5.30,-11.70,4.00,-4.20,-12.60,5.10,-195.10,11.60,13.70,-12.30,6.70,,
Kongsted Sparekasse,11.20,-4.00,17.00,5.10,20.30,10.20,11.00,6.90,-1.20,0.10,7.90,-7.00,-48.40,,,,,,,
Kreditbanken A/S,17.90,14.00,16.70,22.30,18.00,19.50,22.20,19.90,10.10,1.20,4.80,3.70,3.80,3.90,6.60,7.10,9.60,15.40,17.50,17.30
Lægernes Bank A/S,10.40,10.00,21.00,8.00,7.80,11.40,5.70,-1.70,1.10,7.60,-0.70,-1.40,4.40,4.50,9.30,15.20,17.44,18.55,7.65,6.80
Lån & Spar Bank A/S,9.70,7.60,7.70,6.10,4.90,8.30,5.90,5.50,0.20,6.40,8.40,7.20,13.30,11.00,13.80,12.70,15.50,16.90,11.30,12.00
Langå Sparekasse,19.90,7.70,12.60,10.40,10.50,16.40,17.00,9.60,1.30,-3.60,1.30,3.00,3.10,8.20,4.20,3.40,4.80,6.30,2.56,6.29
Leasing Fyn Bank A/S,14.10,9.90,14.70,20.10,18.10,18.40,18.60,18.40,5.20,5.80,8.20,11.00,10.00,8.60,10.90,9.70,9.70,9.70,10.50,8.50
"Løgumkloster, Sparekassen",9.80,1.80,2.50,6.20,5.60,8.50,15.20,12.30,-16.20,,,,,,,,,,,
Lokalbanken i Nordsjælland a/s,13.50,14.30,16.40,21.20,16.50,19.90,22.90,12.30,-22.00,,,,,,,,,,,
Løkken Sparebank A/S,11.20,5.10,4.60,7.10,3.80,19.80,15.20,9.90,-181.00,,,,,,,,,,,
"Lolland A/S, Sparekassen",14.00,10.80,11.80,15.80,9.20,13.10,13.70,10.00,-5.80,-13.90,-12.00,-21.20,,,,,,,,
Lollands Bank A/S,12.70,10.60,10.90,21.90,16.40,21.20,25.30,15.40,1.40,5.50,9.50,2.60,3.50,9.80,-8.90,10.70,19.99,16.49,16.45,12.91
Lunar Bank A/S,,,,,,,,,,,,,,,,,,,,-7.04
Lunde-Kvong Andelskasse,6.34,0.60,0.29,3.47,-6.40,4.79,4.41,0.69,-7.43,6.06,-13.38,,,,,,,,,
Maj Bank A/S,,,,,,,,,,,,,,,,-48.90,-14.57,-32.86,-16.80,-13.00
Max Bank af 2011 A/S,9.50,11.50,16.50,19.30,18.80,23.30,27.20,11.90,-40.80,-12.90,-9.60,,,,,,,,,
Merkur Andelskasse,8.00,8.90,8.10,4.00,5.30,9.50,4.30,8.60,4.70,2.60,0.40,-7.60,-0.80,1.90,3.90,3.60,8.46,-7.08,1.18,3.16
Middelfart Sparekasse,4.90,6.10,12.70,18.90,11.90,9.10,13.90,6.00,-9.30,-4.70,-13.20,1.30,2.00,3.30,9.20,0.90,11.40,11.40,8.70,12.77
"Midt Vest, Sparekassen",13.80,5.20,8.10,9.70,8.50,10.60,,,,,,,,,,,,,,
"Midtbank, Aktieselskab",16.60,-11.10,,,,,,,,,,,,,,,,,,
"Midtfjord, Sparekassen",7.40,-2.60,10.10,12.20,11.60,15.20,10.70,5.80,-14.20,2.70,-160.10,,,,,,,,,
Møns Bank A/S,16.30,12.80,11.80,22.50,18.20,18.10,22.40,11.70,3.60,6.80,2.60,-5.50,3.20,-9.20,9.20,8.70,9.78,11.09,9.79,8.58
Mørke Sparekasse,6.10,6.20,-6.30,4.60,9.00,9.30,12.20,,,,,,,,,,,,,
Morsø Andelskasse JAK,-13.60,3.90,-6.40,2.70,9.80,8.90,-24.91,,,,,,,,,,,,,
"Morsø Bank, Aktieselskabet",12.80,11.90,-12.10,15.80,14.60,15.00,11.50,12.70,0.70,-52.70,,,,,,,,,,
Nees Sparekasse,0.60,2.50,,,,,,,,,,,,,,,,,,
Nordea Bank Danmark A/S,24.40,17.80,20.60,23.50,20.50,23.10,26.01,19.68,12.03,6.50,13.40,7.90,5.10,11.20,13.90,10.00,,,,
Nordea Investment Management Bank A/S,,28.70,23.40,29.10,41.70,19.50,,,,,,,,,,,,,,
Nordea Securities Bank Danmark A/S,,54.80,,,,,,,,,,,,,,,,,,
"Nordfyns Bank, Aktieselskabet",23.70,16.70,19.80,32.10,19.70,23.40,21.40,14.90,-6.30,3.80,1.80,6.30,17.00,11.20,11.70,11.90,13.40,18.00,9.80,12.00
Nordjyske Bank A/S,16.18,16.00,16.20,21.00,14.70,17.30,24.40,18.30,7.40,6.90,10.40,5.50,6.80,5.30,7.90,3.00,8.50,11.90,,
Nykredit Bank A/S,5.00,6.60,5.20,14.70,14.00,17.80,22.30,19.60,-4.70,-0.50,4.20,4.20,0.30,0.50,-17.80,13.80,4.51,21.71,10.11,6.90
Nykredit Portefølje Bank A/S,27.70,13.20,19.60,13.70,17.60,41.40,40.80,,,,,,,,,,,,,
Ø. Brønderslev Sparekasse,7.70,8.20,2.80,6.70,10.90,5.90,10.40,2.30,-4.30,2.00,,,,,,,,,,
Øster og Vester Alling Sparekasse,4.10,1.90,,,,,,,,,,,,,,,,,,
Østervrå Andelskasse,3.00,4.30,-3.60,3.20,8.90,7.10,14.30,8.20,4.30,-3.20,-17.00,1.60,3.30,10.00,7.88,-7.60,-24.90,112.80,-61.12,-65.44
Østjydsk Bank A/S,21.40,20.00,17.50,25.30,20.50,21.20,22.10,19.50,8.00,3.70,2.10,1.53,-31.70,-38.80,-87.60,-8.70,3.13,-50.30,,
Østvendsyssel J.A.K. Andelskassen,-27.40,1.10,,,,,,,,,,,,,,,,,,
PenSam Bank A/S,4.10,20.10,19.90,15.10,14.40,20.70,-3.70,-1.30,-6.90,10.40,7.80,12.10,8.00,-6.20,-4.40,1.80,4.36,2.11,-0.90,2.30
PFA Bank A/S,,,,,,,,,9.14,-71.72,-11.01,-9.37,-40.64,-12.55,-6.10,9.20,4.90,3.30,,
"Ravsted, Sparekassen",12.70,-3.90,,,,,,,,,,,,,,,,,,
Refsnæs Sparekasse,6.40,8.50,9.80,-0.70,-4.60,-0.90,7.40,1.60,-1.50,6.80,-8.00,-7.20,-3.90,-3.60,1.40,-5.40,3.00,,,
"Ringkjøbing Bank, Aktieselskabet",16.60,16.00,12.40,21.40,18.10,17.50,26.00,17.40,,,,,,,,,,,,
Ringkjøbing Landbobank. Aktieselskab,20.40,20.40,21.60,27.50,22.50,25.00,35.60,26.10,17.90,15.90,15.50,15.90,17.40,16.90,19.60,18.40,19.30,19.90,14.80,16.80
Rise Flemløse Sparekasse,12.40,-5.00,-4.70,-22.90,-8.10,2.80,27.40,12.80,-6.30,10.50,3.70,-3.40,5.40,8.50,11.10,10.10,6.50,11.40,3.17,12.91
"Rødding, J.A.K. Andelskasse",5.70,1.20,0.20,0.20,0.10,0.10,1.20,-6.20,,,,,,,,,,,,
Rønde Sparekasse,14.30,12.00,13.20,19.00,10.40,15.30,13.90,7.40,0.60,3.90,5.00,2.10,6.97,1.10,6.70,8.60,9.80,4.50,3.14,4.58
Roskilde Bank A/S,21.80,19.30,19.10,28.70,25.80,39.30,33.00,12.30,,,,,,,,,,,,
Roslev Sparekasse,5.70,-0.90,-3.60,12.10,15.30,16.20,,,,,,,,,,,,,,
Ryslinge Andelskasse,6.90,2.50,7.60,4.30,6.30,11.50,6.50,-1.80,-28.00,10.60,-49.00,,,,,,,,,
Salling Bank A/S,14.60,5.00,8.40,18.50,14.10,14.00,13.60,13.20,-1.60,1.30,5.30,-4.00,4.20,5.70,7.50,10.50,11.20,9.10,6.84,7.18
Sammenslutningen Danske Andelskasser,6.30,6.80,12.00,16.70,12.30,20.90,26.00,11.20,-14.40,-15.90,-17.70,,,,,,,,,
Saxo Bank A/S,,24.40,35.90,68.90,97.40,81.10,53.40,47.80,32.60,13.60,33.20,27.80,3.10,5.70,13.01,-19.15,9.82,11.50,19.70,0.70
Saxo Privatbank A/S,8.70,3.80,3.10,15.80,13.50,26.20,25.40,11.30,-75.00,-28.00,-77.50,-110.00,-80.40,-0.80,8.20,12.94,-2.50,15.40,,
Saxo Treasury Bank A/S,,-23.84,-24.90,-26.10,4.20,34.00,30.29,28.24,-4.35,-12.16,-53.20,,,,,,,,,
Sdr. Lem Andelskasse,10.80,-10.60,-11.30,11.70,9.00,,,,,,,,,,,,,,,
Skælskør Bank Aktieselskab,11.20,11.50,12.20,16.40,14.50,13.80,18.80,16.30,-46.30,-106.10,,,,,,,,,,
SkandiaBanken A/S,2.50,-17.50,,,,,,,,,,,,,,,,,,
Skandinaviska Enskilda Banken A/S,-8.20,-6.50,-2.60,11.40,4.30,6.30,5.40,14.80,9.60,9.70,8.10,8.10,,,,,,,,
Skjern Bank A/S,17.68,14.70,14.50,26.80,19.10,24.70,22.90,10.90,-15.30,-28.50,1.10,2.80,2.70,6.50,-10.30,9.10,16.40,18.30,19.50,17.30
"Slagelse, Andelskassen J.A.K.",5.40,3.20,2.80,10.23,11.09,4.37,-3.62,10.32,0.25,-8.28,-3.83,-22.70,-8.40,-48.66,-20.10,49.27,,,,
Snedsted-Nørhå Sparekasse,-3.40,15.50,12.50,9.30,12.90,,,,,,,,,,,,,,,
Snesere Sogns Spare- og Lånekasse,1.20,,,,,,,,,,,,,,,,,,,
Søby-Skader-Halling Sparekasse,10.20,8.10,16.30,6.00,13.90,10.70,11.10,7.00,-13.00,9.30,1.50,-1.00,4.50,10.40,6.60,-2.00,2.80,,,
Sønderhå-Hørsted Sparekasse,15.90,10.50,12.70,9.30,12.90,15.10,20.50,7.90,4.40,4.60,5.20,2.70,7.40,11.20,5.76,12.00,11.60,11.20,14.19,16.46
Spar Nord Bank A/S,19.80,2.70,7.90,15.30,17.30,22.60,30.20,21.20,2.50,3.80,3.20,7.60,5.30,10.70,10.20,14.20,12.33,14.19,12.11,13.68
Spar Salling Sparekasse,6.60,5.10,7.40,8.00,6.20,6.50,8.50,6.90,-6.20,-2.30,0.80,-12.70,,,,,,,,
Sparbank A/S,15.40,11.40,16.40,22.90,15.70,23.10,16.50,11.80,-25.30,-9.30,2.40,-27.30,,,,,,,,
Spare- og Laanekassen i Vium Sogn,3.55,0.80,3.40,-20.10,-111.10,,,,,,,,,,,,,,,
Sparebank Østjylland,13.00,12.60,10.30,9.10,8.80,10.10,12.00,7.80,-32.40,-28.00,-2.40,-33.70,,,,,,,,
Sparekassen Balling,8.40,6.10,7.30,5.70,5.20,9.10,11.70,10.00,-8.00,8.60,5.60,-1.30,7.70,-3.20,4.20,4.20,5.70,7.90,6.66,8.12
Sparekassen Bredebro,8.50,3.90,3.00,5.70,9.70,9.70,15.80,3.50,-4.90,0.90,2.80,2.10,3.30,1.30,1.90,2.50,0.90,9.10,0.49,7.45
Sparekassen Den lille Bikube,15.90,13.70,19.40,11.30,18.90,21.00,19.20,21.00,16.00,0.20,-5.90,-5.40,-1.40,-0.60,-0.90,7.20,4.40,2.00,-0.61,5.06
Sparekassen Djursland,11.20,3.60,4.40,11.90,10.40,9.50,5.60,3.40,-9.10,7.50,-3.70,-16.10,9.50,4.20,6.50,8.10,8.80,9.30,8.26,8.44
Sparekassen for Nr. Nebel og Omegn,19.70,17.20,16.60,17.10,-7.80,17.30,18.10,8.30,-0.50,-1.60,4.20,-13.70,4.60,8.60,7.80,3.40,8.70,12.10,7.49,11.96
Sparekassen Fyn A/S,13.70,11.90,15.20,23.80,25.20,27.50,30.70,23.10,7.70,1.30,-9.20,1.80,-62.30,1.50,9.00,5.20,,,,
Sparekassen Hobro,13.10,4.50,6.80,10.50,9.50,14.40,14.60,10.80,3.00,1.50,1.20,-3.00,-1.70,0.70,,,,,,
Sparekassen Hvetbo A/S,6.80,8.20,9.10,12.10,13.60,13.50,13.60,8.80,-25.10,6.90,1.20,-37.90,,,,,,,,
Sparekassen i Skals,11.80,8.90,5.10,7.80,8.00,9.80,13.70,10.40,1.30,1.80,0.60,-10.50,,,,,,,,
Sparekassen Kronjylland,8.90,6.40,7.40,22.30,12.50,17.70,14.80,14.10,-8.40,1.60,0.60,-1.80,6.50,6.70,5.00,8.70,8.90,10.70,7.60,11.60
Sparekassen Limfjorden,10.40,11.40,10.80,10.00,8.60,6.10,17.70,9.80,1.10,1.30,-13.10,-69.70,,,,,,,,
Sparekassen Midtdjurs,8.80,8.20,5.50,5.50,3.70,10.00,7.20,-3.60,-18.70,2.00,-21.80,,,,,,,,,
Sparekassen Nordmors,6.40,9.60,14.00,9.20,12.20,2.80,3.66,7.00,,,,,,,,,,,,
Sparekassen Sjælland-Fyn A/S,16.52,15.40,12.70,15.00,16.00,18.60,18.00,15.40,3.00,0.70,1.30,0.40,0.97,-47.80,7.90,6.50,7.90,10.00,7.80,7.70
Sparekassen Spar Mors,7.90,15.00,0.00,6.20,8.20,-2.80,9.10,3.30,,,,,,,,,,,,
Sparekassen Thy,12.70,7.40,7.70,9.70,9.60,11.10,16.50,9.30,1.60,2.90,1.30,1.50,3.00,5.40,9.10,7.50,9.80,11.40,8.61,13.07
Sparekassen Vendsyssel,12.70,7.60,8.80,12.30,10.70,12.40,12.80,8.80,1.80,2.40,7.50,1.80,6.30,7.20,3.30,5.80,10.90,15.40,15.64,15.89
St. Brøndum Sparekasse,9.30,6.90,9.30,10.30,6.90,14.10,12.80,5.60,,,,,,,,,,,,
Stadil Sparekasse,7.50,7.68,15.50,8.85,11.04,12.20,10.80,-4.18,-28.00,17.80,11.50,-0.50,4.50,-0.90,3.00,11.30,-1.20,3.90,12.79,14.43
"Sundsøre, Sparekassen",7.90,0.60,2.60,3.00,-1.30,0.40,,,,,,,,,,,,,,
Sydbank A/S,22.09,18.40,17.80,25.70,22.30,27.90,36.20,34.60,11.80,12.30,6.00,3.10,6.40,1.90,12.20,12.80,15.90,16.40,11.70,9.50
"Tarm Bank, Aktieselskabet",17.60,15.10,,,,,,,,,,,,,,,,,,
Thiset og Omegns Spare- Og Lånekasse,3.10,10.30,6.90,-1.10,-7.40,-7.90,,,,,,,,,,,,,,
Thisted Andelskasse,5.90,2.80,2.00,5.50,2.90,2.90,16.00,6.90,3.80,,,,,,,,,,,
Tødsø-Erslev Sparekasse,4.20,9.10,,,,,,,,,,,,,,,,,,
Tønder Bank A/S,16.10,16.20,16.80,17.00,17.40,21.40,17.30,17.40,-7.50,7.20,4.20,5.10,,,,,,,,
Totalbanken A/S,15.60,14.90,14.00,17.90,19.10,27.40,33.10,27.80,-7.60,4.10,3.80,-39.10,-28.80,3.30,5.40,8.00,10.04,11.63,13.27,21.60
Tved Sparekasse,10.50,7.50,10.90,12.50,8.10,10.20,11.80,3.20,-6.70,-12.40,,,,,,,,,,
Ulfborg Sparekasse,6.30,0.40,1.60,15.70,10.40,16.90,9.00,-12.20,-29.24,12.40,7.40,-4.70,7.80,-1.20,2.20,,,,,
Ulsted Sparekasse,15.70,12.50,16.60,14.00,17.20,12.70,19.80,10.30,,,,,,,,,,,,
Vendsyssel Bank A/S,16.10,13.00,,,,,,,,,,,,,,,,,,
Vestfyns Bank A/S,16.10,11.60,10.30,20.80,13.60,17.60,20.40,15.30,6.80,0.60,3.10,2.50,8.90,,,,,,,
Vestjysk Bank A/S,31.20,20.20,11.10,22.00,15.10,17.90,20.30,17.30,13.00,-3.80,0.20,-29.80,-86.20,-46.90,-17.50,3.60,5.72,8.53,9.89,17.41
"Vinderup Bank, A/S",7.60,10.00,9.90,11.00,14.40,14.30,17.10,13.10,2.50,3.40,2.40,-6.90,,,,,,,,
Vistoft Sparekasse,-0.40,1.70,15.60,10.30,7.70,19.20,21.10,4.40,-23.00,7.90,8.20,6.60,10.30,-58.80,,,,,,
Vokslev Sogns Spare- og Laanekasse,12.00,14.50,20.50,8.90,1.60,-6.30,-6.30,3.10,5.10,10.20,5.32,8.92,,,,,,,,
Vorbasse-Hejnsvig Sparekasse,9.50,10.10,8.60,14.10,10.70,13.20,17.00,8.00,-12.30,3.60,-11.10,-5.70,-47.40,-11.90,8.30,,,,,
Vordingborg Bank A/S,13.90,12.00,13.60,11.60,11.90,11.00,12.40,5.10,5.30,-9.00,5.80,2.70,-28.80,,,,,,,