A/S Nørresundby Bank,"1,114.00","1,166.00","1,251.00","1,477.00","1,677.00","1,911.00","2,285.00","2,580.00","2,603.00","2,672.00","2,797.00","2,874.00","3,013.00","3,184.00","3,435.00",,,,,
Aarhus Lokalbank Aktieselskab,439.00,469.00,572.00,665.00,709.00,835.00,"1,019.00","1,138.00","1,121.00",960.00,387.00,138.00,,,,,,,,
Aars Bank A/S,97.00,,,,,,,,,,,,,,,,,,,
Agri-Egens Sparekasse,0.00,0.00,0.00,0.00,0.00,0.00,0.00,0.00,0.00,0.00,,,,,,,,,,
Aktieselskabet Arbejdernes Landsbank,467.00,0.00,0.00,0.00,0.00,0.00,0.00,0.00,0.00,0.00,0.00,0.00,0.00,0.00,0.00,0.00,,,,
"Alfred Berg SE, Copenhagen Branch",0.00,0.00,0.00,0.00,0.00,,,,,,,,,,,,,,,
Alm. Brand Bank A/S,0.00,0.00,0.00,0.00,0.00,0.00,347.00,0.00,0.00,0.00,0.00,0.00,0.00,0.00,0.00,0.00,,,,
Almind Sparekasse,0.00,0.00,0.00,0.00,0.00,0.00,,,,,,,,,,,,,,
Amagerbanken,445.00,478.00,459.00,478.00,575.00,737.00,924.00,"1,062.00",763.00,286.00,-51.00,,,,,,,,,
Andelskassen Fælleskassen,0.00,0.00,0.00,0.00,0.00,0.00,0.00,0.00,0.00,0.00,0.00,0.00,0.00,0.00,0.00,0.00,,,,
Andelskassen OIKOS,0.00,0.00,0.00,0.00,0.00,0.00,0.00,0.00,0.00,0.00,0.00,0.00,0.00,0.00,0.00,0.00,,0.00,,
Århus Andelskasse,0.00,0.00,0.00,0.00,0.00,,,,,,,,,,,,,,,
ArosMaizels Investment Bank A/S,0.00,,,,,,,,,,,,,,,,,,,
"Arts Herred, Sparekassen for",0.00,0.00,0.00,0.00,0.00,0.00,0.00,0.00,0.00,0.00,0.00,0.00,,,,,,,,
Astrup-Tulstrup-Hvilsted Sparekasse,0.00,0.00,0.00,0.00,0.00,0.00,0.00,,,,,,,,,,,,,
Bank DNB  A/S,,,,,,,0.00,0.00,0.00,0.00,0.00,0.00,,,,,,,,
Bank Trelleborg A/S,0.00,0.00,0.00,0.00,0.00,0.00,0.00,719.00,,,,,,,,,,,,
Basisbank A/S,0.00,0.00,0.00,0.00,0.00,0.00,0.00,0.00,0.00,0.00,0.00,0.00,0.00,0.00,0.00,0.00,0.00,0.00,,
BG Bank A/S,0.00,,,,,,,,,,,,,,,,,,,
Boddum-Ydby Sparekasse,0.00,0.00,0.00,0.00,0.00,0.00,0.00,0.00,0.00,0.00,0.00,0.00,,,,,,,,
Bonusbanken A/S,458.00,485.00,526.00,592.00,626.00,762.00,617.00,646.00,,,,,,,,,,,,
Borbjerg Sparekasse,0.00,0.00,0.00,0.00,0.00,0.00,0.00,0.00,0.00,0.00,0.00,0.00,0.00,0.00,0.00,0.00,0.00,0.00,,
"Brenderup, J.A.K. Andelskassen",0.00,0.00,0.00,0.00,0.00,0.00,0.00,0.00,0.00,,,,,,,,,,,
BRFkredit Bank a/s,0.00,0.00,0.00,0.00,0.00,0.00,0.00,0.00,0.00,0.00,0.00,0.00,0.00,0.00,0.00,,,,,
Broager Sparekasse,0.00,0.00,0.00,0.00,0.00,0.00,0.00,0.00,0.00,0.00,0.00,0.00,0.00,0.00,0.00,0.00,0.00,0.00,,
Brovst Sparekasse,0.00,0.00,0.00,0.00,0.00,0.00,,,,,,,,,,,,,,
Canto Bank A/S,,,,,,,,,,,,,,,,,,,,
Capinordic Bank A/S,,,,,,0.00,0.00,0.00,0.00,,,,,,,,,,,
Carnegie Bank A/S,0.00,0.00,0.00,0.00,0.00,0.00,0.00,0.00,0.00,0.00,0.00,0.00,0.00,,,,,,,
Coop Bank A/S,,,,,,,,,,,,,,158.00,139.00,132.00,,,,
Danske Andelskassers Bank A/S,0.00,0.00,0.00,0.00,0.00,0.00,0.00,0.00,0.00,0.00,0.00,301.00,229.00,156.00,160.00,17.00,8.00,10.00,404.00,496.00
Danske Bank A/S,671.00,780.00,824.00,849.00,"1,001.00","1,169.00","1,404.00","1,549.00","1,445.00","1,460.00","1,528.00","1,370.00","1,385.00","1,462.00","1,536.00","1,652.00","1,781.00","1,880.00","1,907.00","1,991.00"
Den Jyske Sparekasse,0.00,0.00,0.00,0.00,0.00,0.00,0.00,0.00,0.00,0.00,0.00,0.00,0.00,0.00,0.00,0.00,,,,
Den Jyske Sparekasse A/S,,,,,,,,,,,,,,,,,,,"1,525.00","1,667.00"
Den lille Sparekasse,0.00,0.00,0.00,0.00,0.00,299.00,347.00,0.00,0.00,,,,,,,,,,,
Dexia Bank A/S,0.00,0.00,0.00,0.00,0.00,0.00,0.00,0.00,0.00,0.00,0.00,0.00,0.00,,,,,,,
DiBa Bank A/S,"1,033.00","1,228.00",685.00,809.00,918.00,"1,049.00","1,160.00","1,159.00",975.00,815.00,765.00,840.00,641.00,279.00,,,,,,
Djurslands Bank A/S,861.00,961.00,"1,152.00","1,360.00","1,539.00","1,813.00","2,091.00","2,345.00","2,302.00","2,411.00","2,525.00","2,616.00","2,821.00","2,919.00","3,104.00","3,270.00","3,488.00","3,796.00","3,903.00","4,250.00"
Dragsholm Sparekasse,0.00,0.00,0.00,0.00,0.00,0.00,0.00,0.00,0.00,0.00,0.00,0.00,0.00,0.00,0.00,0.00,0.00,0.00,,
Dragstrup-Skallerup Sparekasse,0.00,0.00,0.00,0.00,0.00,,,,,,,,,,,,,,,
Dronninglund Sparekasse,0.00,0.00,0.00,0.00,0.00,0.00,0.00,0.00,0.00,0.00,0.00,0.00,0.00,0.00,0.00,0.00,0.00,0.00,,
Durup Sparekasse,0.00,0.00,0.00,0.00,0.00,0.00,,,,,,,,,,,,,,
"Ebeltoft, Andelskassen J.A.K",0.00,0.00,0.00,0.00,0.00,0.00,0.00,0.00,0.00,0.00,0.00,0.00,0.00,,,,,,,
EBH Bank A/S,385.00,325.00,398.00,470.00,567.00,756.00,"1,012.00","1,279.00",,,,,,,,,,,,
Egnsbank Fyn A/S,787.00,818.00,,,,,,,,,,,,,,,,,,
Eik Bank Danmark A/S,,138.00,0.00,0.00,244.00,334.00,540.00,0.00,0.00,0.00,0.00,,,,,,,,,
Ekspres Bank A/S,,,,,,,,0.00,0.00,0.00,0.00,0.00,0.00,0.00,0.00,0.00,,,,
Facit Bank A/S,,,,,,,,,,,,,,,,,,,,
Fanefjord Sparekasse,0.00,0.00,0.00,0.00,0.00,0.00,0.00,0.00,0.00,0.00,0.00,0.00,,,,,,,,
Fanø Sparekasse,0.00,0.00,0.00,0.00,0.00,0.00,0.00,0.00,0.00,0.00,0.00,0.00,0.00,0.00,0.00,0.00,0.00,0.00,,
"Farsø, Sparekassen",0.00,0.00,0.00,0.00,0.00,0.00,0.00,0.00,0.00,0.00,0.00,0.00,,,,,,,,
Faster Andelskasse,0.00,0.00,0.00,0.00,0.00,0.00,0.00,0.00,0.00,0.00,0.00,0.00,0.00,0.00,0.00,0.00,,,,
FIH Erhvervsbank A/S,,,0.00,0.00,0.00,0.00,0.00,0.00,0.00,0.00,0.00,0.00,0.00,0.00,0.00,0.00,,,,
FIH Kapital Bank A/S,,,,,,,,0.00,0.00,0.00,0.00,0.00,0.00,,,,,,,
Finansbanken A/S,0.00,0.00,0.00,0.00,0.00,0.00,0.00,0.00,0.00,0.00,,,,,,,,,,
Fionia Bank A/S,519.00,548.00,607.00,649.00,762.00,852.00,"1,022.00","1,117.00",545.00,,,,,,,,,,,
Fjaltring-Trans Sparekasse,0.00,0.00,0.00,0.00,0.00,0.00,0.00,0.00,0.00,0.00,0.00,0.00,0.00,0.00,0.00,0.00,,,,
Fjordbank Mors A/S,0.00,0.00,0.00,0.00,0.00,0.00,0.00,0.00,0.00,0.00,539.00,,,,,,,,,
Flakkebjerg og Omegns Sparekasse,0.00,0.00,0.00,0.00,0.00,0.00,,,,,,,,,,,,,,
Flemløse Sparekasse,0.00,0.00,0.00,0.00,0.00,0.00,0.00,0.00,0.00,0.00,0.00,0.00,0.00,0.00,0.00,0.00,0.00,,,
Folkesparekassen,0.00,0.00,0.00,0.00,0.00,0.00,0.00,0.00,0.00,0.00,0.00,0.00,0.00,0.00,0.00,0.00,0.00,0.00,,
Forstædernes Bank A/S,195.00,202.00,206.00,227.00,268.00,343.00,426.00,496.00,0.00,,,,,,,,,,,
Frørup Andelskasse,0.00,0.00,0.00,0.00,0.00,0.00,0.00,0.00,0.00,0.00,0.00,0.00,0.00,0.00,0.00,0.00,,,,
Frøs Sparekasse,0.00,0.00,0.00,0.00,0.00,0.00,0.00,0.00,0.00,0.00,0.00,0.00,0.00,0.00,0.00,0.00,0.00,0.00,,
Frøslev-Mollerup Sparekasse,0.00,0.00,0.00,0.00,0.00,0.00,0.00,0.00,0.00,0.00,0.00,0.00,0.00,0.00,0.00,0.00,,,,
Fruering-Vitved Sparekasse,0.00,0.00,0.00,0.00,0.00,0.00,0.00,0.00,0.00,0.00,0.00,,,,,,,,,
Funder Fælleskasse Andelskasse,0.00,0.00,0.00,0.00,0.00,0.00,0.00,0.00,0.00,0.00,0.00,0.00,0.00,0.00,,,,,,
Fuur Sparekasse,0.00,0.00,0.00,0.00,0.00,0.00,,,,,,,,,,,,,,
Fynske Bank A/S,0.00,541.00,628.00,705.00,792.00,864.00,965.00,"1,050.00","1,066.00","1,107.00","1,168.00","1,197.00","1,224.00","1,063.00","1,126.00","1,164.00","1,241.00","1,310.00","1,391.00","1,470.00"
Galten Sparekasse,0.00,0.00,0.00,0.00,0.00,0.00,0.00,,,,,,,,,,,,,
"Grønlandsbanken, Aktieselskab",272.00,289.00,295.00,296.00,338.00,348.00,360.00,363.00,348.00,386.00,425.00,453.00,482.00,492.00,505.00,508.00,515.00,532.00,555.00,599.00
Gudme Raaschou Bank A/S,0.00,0.00,0.00,0.00,0.00,0.00,0.00,0.00,0.00,,,,,,,,,,,
Hals Sparekasse,0.00,0.00,0.00,0.00,0.00,0.00,0.00,0.00,0.00,0.00,0.00,0.00,0.00,0.00,0.00,,,,,
Hårslev Sparekasse,0.00,0.00,0.00,0.00,0.00,0.00,0.00,0.00,,,,,,,,,,,,
Hassing-Villerslev Sparekasse,0.00,0.00,,,,,,,,,,,,,,,,,,
Helgenæs Sparekasse,0.00,0.00,0.00,0.00,0.00,0.00,0.00,0.00,0.00,0.00,0.00,0.00,,,,,,,,
Hellevad-Ørum Sparekasse,0.00,0.00,0.00,0.00,0.00,,,,,,,,,,,,,,,
Helligsø-Gettrup Sparekasse,0.00,0.00,0.00,0.00,0.00,,,,,,,,,,,,,,,
Holstebro Andelskasse J.A.K,0.00,0.00,0.00,0.00,0.00,,,,,,,,,,,,,,,
Hover Sparekasse,0.00,0.00,0.00,0.00,0.00,0.00,0.00,,,,,,,,,,,,,
Hunstrup-Østerild Sparekasse,0.00,0.00,0.00,0.00,0.00,0.00,0.00,0.00,0.00,0.00,0.00,0.00,,,,,,,,
HVIDBJERG BANK A/S,,,,,,,,,,,,,,,,,,,,432.00
Hvidbjerg Bank. Aktieselskab,259.00,280.00,346.00,408.00,431.00,457.00,499.00,537.00,546.00,552.00,500.00,445.00,220.00,204.00,229.00,273.00,301.00,338.00,363.00,
Hvidbjerg-Ørum Sparekasse,0.00,0.00,0.00,0.00,0.00,,,,,,,,,,,,,,,
Hvilsager-Lime Sparekasse,0.00,0.00,0.00,0.00,0.00,,,,,,,,,,,,,,,
J.A.K. Andelskassen Varde,0.00,0.00,0.00,0.00,0.00,0.00,0.00,0.00,0.00,0.00,0.00,0.00,,,,,,,,
J.A.K. Østfyns Andelskasse,0.00,0.00,0.00,0.00,0.00,0.00,0.00,,,,,,,,,,,,,
"JAK-Andelskassen, Hjørring",0.00,0.00,,,,,,,,,,,,,,,,,,
Jelling Sparekasse,0.00,0.00,0.00,0.00,0.00,0.00,0.00,,,,,,,,,,,,,
Jelstrup-Lyngby Sparekasse,0.00,,,,,,,,,,,,,,,,,,,
Jerslev Sparekasse,0.00,0.00,0.00,0.00,0.00,0.00,,,,,,,,,,,,,,
Jutlander Bank A/S,0.00,0.00,0.00,0.00,0.00,0.00,"2,369.00","2,774.00","2,783.00","2,830.00","2,773.00","2,586.00","2,600.00","2,645.00","2,648.00","2,846.00",3.00,"3,264.00",,"3,782.00"
Jyske Bank A/S,785.00,849.00,888.00,"1,089.00","1,232.00","1,516.00","1,689.00","1,833.00","2,022.00","1,928.00","2,060.00","2,140.00","2,195.00","2,450.00","2,902.00","3,173.00","3,480.00","3,736.00","3,898.00","4,336.00"
Klim Sparekasse,0.00,0.00,0.00,0.00,0.00,0.00,0.00,0.00,0.00,0.00,0.00,0.00,0.00,0.00,0.00,0.00,0.00,0.00,,
Københavns Andelskasse,0.00,410.00,0.00,0.00,0.00,0.00,0.00,0.00,0.00,0.00,0.00,0.00,0.00,0.00,0.00,0.00,,,,
Kongsted Sparekasse,0.00,0.00,0.00,0.00,0.00,0.00,0.00,0.00,0.00,0.00,0.00,0.00,0.00,,,,,,,
Kreditbanken A/S,852.00,916.00,"1,002.00","1,177.00","1,324.00","1,530.00","1,749.00","1,976.00","2,089.00","2,113.00","2,190.00","2,232.00","2,273.00","2,326.00","2,433.00","2,580.00","2,753.00","3,087.00","3,387.00","3,864.00"
Lægernes Bank A/S,0.00,0.00,0.00,0.00,0.00,0.00,0.00,0.00,0.00,0.00,0.00,0.00,0.00,0.00,0.00,0.00,,,,
Lån & Spar Bank A/S,199.00,210.00,223.00,232.00,246.00,264.00,270.00,283.00,276.00,276.00,292.00,301.00,327.00,344.00,368.00,400.00,443.00,499.00,515.00,556.00
Langå Sparekasse,0.00,0.00,0.00,0.00,0.00,0.00,0.00,0.00,0.00,0.00,0.00,0.00,0.00,0.00,0.00,0.00,0.00,0.00,,
Leasing Fyn Bank A/S,0.00,0.00,0.00,0.00,0.00,0.00,0.00,0.00,0.00,0.00,0.00,0.00,0.00,0.00,0.00,0.00,,,,
"Løgumkloster, Sparekassen",0.00,0.00,0.00,0.00,0.00,0.00,0.00,0.00,0.00,,,,,,,,,,,
Lokalbanken i Nordsjælland a/s,685.00,733.00,802.00,959.00,893.00,"1,042.00","1,197.00","1,320.00","1,098.00",,,,,,,,,,,
Løkken Sparebank A/S,0.00,0.00,0.00,0.00,0.00,0.00,0.00,0.00,0.00,,,,,,,,,,,
"Lolland A/S, Sparekassen",0.00,0.00,0.00,0.00,0.00,0.00,0.00,"1,676.00","1,573.00","1,415.00","1,298.00",870.00,,,,,,,,
Lollands Bank A/S,666.00,692.00,766.00,885.00,971.00,"1,110.00","1,324.00","1,446.00","1,436.00","1,503.00","1,623.00","1,619.00","1,679.00","1,653.00","1,562.00","1,698.00","1,968.00","2,202.00","2,363.00","2,583.00"
Lunar Bank A/S,,,,,,,,,,,,,,,,,,,,0.00
Lunde-Kvong Andelskasse,0.00,0.00,0.00,0.00,0.00,0.00,0.00,0.00,0.00,0.00,0.00,,,,,,,,,
Maj Bank A/S,,,,,,,,,,,,,,,,0.00,0.00,,,
Max Bank af 2011 A/S,539.00,568.00,674.00,775.00,816.00,993.00,"1,171.00","1,231.00",899.00,807.00,313.00,,,,,,,,,
Merkur Andelskasse,0.00,0.00,0.00,0.00,0.00,0.00,0.00,0.00,0.00,0.00,0.00,0.00,0.00,0.00,0.00,0.00,,,,
Middelfart Sparekasse,0.00,0.00,0.00,0.00,0.00,0.00,0.00,0.00,0.00,0.00,0.00,0.00,0.00,0.00,0.00,0.00,0.00,0.00,,
"Midt Vest, Sparekassen",0.00,0.00,0.00,0.00,0.00,0.00,,,,,,,,,,,,,,
"Midtbank, Aktieselskab",312.00,0.00,,,,,,,,,,,,,,,,,,
"Midtfjord, Sparekassen",0.00,0.00,0.00,0.00,0.00,0.00,0.00,0.00,0.00,0.00,0.00,,,,,,,,,
Møns Bank A/S,468.00,489.00,566.00,658.00,745.00,830.00,960.00,"1,033.00","1,044.00","1,101.00","1,126.00","1,073.00","1,084.00","1,030.00","1,257.00","1,318.00","1,241.00","1,337.00","1,016.00",
Mørke Sparekasse,0.00,0.00,0.00,0.00,0.00,0.00,0.00,,,,,,,,,,,,,
Morsø Andelskasse JAK,0.00,0.00,0.00,0.00,0.00,0.00,0.00,,,,,,,,,,,,,
"Morsø Bank, Aktieselskabet",589.00,626.00,620.00,682.00,741.00,846.00,906.00,987.00,972.00,633.00,,,,,,,,,,
Nees Sparekasse,0.00,0.00,,,,,,,,,,,,,,,,,,
Nordea Bank Danmark A/S,0.00,0.00,0.00,0.00,0.00,0.00,0.00,0.00,0.00,0.00,0.00,0.00,0.00,0.00,0.00,0.00,,,,
Nordea Investment Management Bank A/S,,0.00,0.00,0.00,0.00,0.00,,,,,,,,,,,,,,
Nordea Securities Bank Danmark A/S,,0.00,,,,,,,,,,,,,,,,,,
"Nordfyns Bank, Aktieselskabet",368.00,404.00,443.00,546.00,617.00,699.00,807.00,882.00,823.00,850.00,862.00,904.00,752.00,805.00,875.00,951.00,"1,040.00","1,186.00","1,236.00","1,366.00"
Nordjyske Bank A/S,975.00,"1,084.00",674.00,775.00,855.00,959.00,"1,142.00","1,305.00","1,360.00","1,447.00","1,567.00","1,626.00","1,691.00","1,752.00","1,845.00","1,427.00","1,503.00","1,609.00",,
Nykredit Bank A/S,0.00,0.00,0.00,0.00,0.00,0.00,0.00,0.00,0.00,0.00,0.00,0.00,0.00,0.00,0.00,0.00,,,,
Nykredit Portefølje Bank A/S,0.00,0.00,0.00,0.00,0.00,0.00,0.00,,,,,,,,,,,,,
Ø. Brønderslev Sparekasse,0.00,0.00,0.00,0.00,0.00,0.00,0.00,0.00,0.00,0.00,,,,,,,,,,
Øster og Vester Alling Sparekasse,0.00,0.00,,,,,,,,,,,,,,,,,,
Østervrå Andelskasse,0.00,0.00,0.00,0.00,0.00,0.00,0.00,0.00,0.00,0.00,0.00,0.00,0.00,0.00,0.00,0.00,0.00,0.00,,
Østjydsk Bank A/S,314.00,327.00,399.00,474.00,552.00,621.00,729.00,850.00,899.00,918.00,917.00,748.00,588.00,573.00,282.00,666.00,678.00,406.00,,
Østvendsyssel J.A.K. Andelskassen,0.00,0.00,,,,,,,,,,,,,,,,,,
PenSam Bank A/S,0.00,0.00,0.00,0.00,0.00,0.00,0.00,0.00,0.00,0.00,0.00,0.00,0.00,0.00,0.00,0.00,,,,
PFA Bank A/S,,,,,,,,,0.00,0.00,0.00,0.00,0.00,0.00,97.00,104.00,,,,
"Ravsted, Sparekassen",0.00,0.00,,,,,,,,,,,,,,,,,,
Refsnæs Sparekasse,0.00,0.00,0.00,0.00,0.00,0.00,0.00,0.00,0.00,0.00,0.00,0.00,0.00,0.00,0.00,0.00,0.00,,,
"Ringkjøbing Bank, Aktieselskabet","1,085.00","1,200.00","1,377.00","1,587.00","1,699.00","1,964.00","2,394.00","2,709.00",,,,,,,,,,,,
Ringkjøbing Landbobank. Aktieselskab,"2,721.00","3,174.00","3,888.00","4,473.00","5,325.00","5,862.00","6,631.00","7,053.00","7,382.00","8,172.00","9,193.00","10,055.00","11,049.00","12,145.00","13,281.00","14,427.00","15,916.00","17,500.00","24,068.00","26,036.00"
Rise Flemløse Sparekasse,0.00,0.00,0.00,0.00,0.00,0.00,0.00,0.00,0.00,0.00,0.00,0.00,0.00,0.00,0.00,0.00,0.00,0.00,,
"Rødding, J.A.K. Andelskasse",0.00,0.00,0.00,0.00,0.00,0.00,0.00,0.00,,,,,,,,,,,,
Rønde Sparekasse,0.00,0.00,0.00,0.00,0.00,0.00,0.00,0.00,0.00,0.00,0.00,0.00,0.00,0.00,0.00,0.00,0.00,0.00,,
Roskilde Bank A/S,628.00,698.00,828.00,"1,026.00","1,155.00","1,535.00","2,186.00","2,239.00",,,,,,,,,,,,
Roslev Sparekasse,0.00,0.00,0.00,0.00,0.00,0.00,,,,,,,,,,,,,,
Ryslinge Andelskasse,0.00,0.00,0.00,0.00,0.00,0.00,0.00,0.00,0.00,0.00,0.00,,,,,,,,,
Salling Bank A/S,333.00,336.00,398.00,461.00,499.00,541.00,578.00,606.00,591.00,593.00,626.00,600.00,423.00,448.00,477.00,510.00,562.00,342.00,345.00,357.00
Sammenslutningen Danske Andelskasser,0.00,"2,847.00",0.00,0.00,0.00,0.00,0.00,1.00,0.00,"5,847.00",0.00,,,,,,,,,
Saxo Bank A/S,,0.00,0.00,0.00,0.00,0.00,0.00,0.00,0.00,0.00,0.00,0.00,0.00,0.00,0.00,0.00,0.00,0.00,0.00,0.00
Saxo Privatbank A/S,0.00,0.00,0.00,0.00,0.00,0.00,0.00,0.00,0.00,0.00,90.00,0.00,0.00,0.00,0.00,0.00,0.00,0.00,,
Saxo Treasury Bank A/S,,0.00,0.00,0.00,0.00,0.00,0.00,0.00,0.00,0.00,0.00,,,,,,,,,
Sdr. Lem Andelskasse,0.00,0.00,0.00,0.00,0.00,,,,,,,,,,,,,,,
Skælskør Bank Aktieselskab,436.00,455.00,547.00,549.00,610.00,659.00,750.00,850.00,602.00,180.00,,,,,,,,,,
SkandiaBanken A/S,0.00,0.00,,,,,,,,,,,,,,,,,,
Skandinaviska Enskilda Banken A/S,0.00,0.00,0.00,0.00,0.00,0.00,0.00,0.00,0.00,0.00,0.00,0.00,,,,,,,,
Skjern Bank A/S,889.00,963.00,"1,099.00","1,329.00","1,604.00","2,031.00","2,290.00","2,474.00","2,271.00","1,810.00","1,777.00","1,847.00",286.00,298.00,271.00,291.00,330.00,422.00,480.00,532.00
"Slagelse, Andelskassen J.A.K.",0.00,0.00,0.00,0.00,0.00,0.00,0.00,0.00,0.00,0.00,0.00,0.00,0.00,0.00,0.00,0.00,,,,
Snedsted-Nørhå Sparekasse,0.00,0.00,0.00,0.00,0.00,,,,,,,,,,,,,,,
Snesere Sogns Spare- og Lånekasse,0.00,,,,,,,,,,,,,,,,,,,
Søby-Skader-Halling Sparekasse,0.00,0.00,0.00,0.00,0.00,0.00,0.00,0.00,0.00,0.00,0.00,0.00,0.00,0.00,0.00,0.00,,,,
Sønderhå-Hørsted Sparekasse,0.00,0.00,0.00,0.00,0.00,0.00,0.00,0.00,0.00,0.00,0.00,0.00,0.00,0.00,0.00,0.00,0.00,0.00,,
Spar Nord Bank A/S,331.00,326.00,373.00,398.00,455.00,540.00,654.00,750.00,732.00,753.00,768.00,817.00,480.00,521.00,561.00,629.00,702.00,660.00,682.00,724.00
Spar Salling Sparekasse,0.00,0.00,0.00,0.00,0.00,0.00,0.00,0.00,0.00,0.00,0.00,0.00,,,,,,,,
Sparbank A/S,656.00,698.00,774.00,908.00,"1,022.00","1,170.00","1,307.00","1,411.00","1,153.00","1,076.00","1,091.00",904.00,,,,,,,,
Spare- og Laanekassen i Vium Sogn,0.00,0.00,0.00,0.00,0.00,,,,,,,,,,,,,,,
Sparebank Østjylland,0.00,0.00,0.00,0.00,0.00,0.00,0.00,0.00,0.00,0.00,0.00,0.00,,,,,,,,
Sparekassen Balling,0.00,0.00,0.00,0.00,0.00,0.00,0.00,0.00,0.00,0.00,0.00,0.00,0.00,0.00,0.00,0.00,0.00,0.00,,
Sparekassen Bredebro,0.00,0.00,0.00,0.00,0.00,0.00,0.00,0.00,0.00,0.00,0.00,0.00,0.00,0.00,0.00,0.00,0.00,0.00,,
Sparekassen Den lille Bikube,0.00,0.00,0.00,0.00,0.00,0.00,0.00,0.00,0.00,0.00,0.00,0.00,0.00,0.00,0.00,0.00,0.00,0.00,,
Sparekassen Djursland,0.00,0.00,0.00,0.00,0.00,0.00,0.00,0.00,0.00,0.00,0.00,0.00,0.00,0.00,0.00,0.00,0.00,0.00,,
Sparekassen for Nr. Nebel og Omegn,0.00,0.00,0.00,0.00,0.00,0.00,0.00,0.00,0.00,0.00,0.00,0.00,0.00,0.00,0.00,0.00,0.00,0.00,,
Sparekassen Fyn A/S,697.00,762.00,840.00,"1,002.00","1,228.00","1,467.00","1,784.00",999.00,"1,004.00",979.00,910.00,930.00,512.00,0.00,494.00,531.00,,,,
Sparekassen Hobro,0.00,0.00,0.00,0.00,0.00,0.00,0.00,0.00,0.00,0.00,0.00,0.00,0.00,0.00,,,,,,
Sparekassen Hvetbo A/S,0.00,0.00,0.00,0.00,0.00,0.00,0.00,173.00,139.00,147.00,148.00,102.00,,,,,,,,
Sparekassen i Skals,0.00,0.00,0.00,0.00,0.00,0.00,0.00,0.00,0.00,0.00,0.00,0.00,,,,,,,,
Sparekassen Kronjylland,0.00,0.00,0.00,0.00,0.00,0.00,0.00,0.00,0.00,0.00,0.00,0.00,0.00,0.00,0.00,0.00,0.00,,,
Sparekassen Limfjorden,0.00,0.00,0.00,0.00,0.00,0.00,0.00,0.00,0.00,0.00,0.00,0.00,,,,,,,,
Sparekassen Midtdjurs,0.00,0.00,0.00,0.00,0.00,0.00,0.00,0.00,0.00,0.00,0.00,,,,,,,,,
Sparekassen Nordmors,0.00,0.00,0.00,0.00,0.00,0.00,0.00,0.00,,,,,,,,,,,,
Sparekassen Sjælland-Fyn A/S,0.00,0.00,0.00,0.00,0.00,0.00,0.00,0.00,0.00,0.00,0.00,0.00,0.00,0.00,0.00,"1,905.00","2,000.00","2,158.00","1,776.00","1,870.00"
Sparekassen Spar Mors,0.00,0.00,0.00,0.00,0.00,0.00,0.00,0.00,,,,,,,,,,,,
Sparekassen Thy,0.00,0.00,0.00,0.00,0.00,0.00,0.00,0.00,0.00,0.00,0.00,0.00,0.00,0.00,0.00,0.00,0.00,0.00,,
Sparekassen Vendsyssel,0.00,0.00,0.00,0.00,0.00,0.00,0.00,0.00,0.00,0.00,0.00,0.00,0.00,0.00,0.00,0.00,0.00,0.00,,
St. Brøndum Sparekasse,0.00,0.00,0.00,0.00,0.00,0.00,0.00,0.00,,,,,,,,,,,,
Stadil Sparekasse,0.00,0.00,0.00,0.00,0.00,0.00,0.00,0.00,0.00,0.00,0.00,0.00,0.00,0.00,0.00,0.00,,0.00,,
"Sundsøre, Sparekassen",0.00,0.00,0.00,0.00,0.00,0.00,,,,,,,,,,,,,,
Sydbank A/S,410.00,458.00,477.00,578.00,636.00,729.00,921.00,"1,046.00","1,125.00","1,241.00","1,298.00","1,311.00","1,376.00","1,397.00","1,542.00","1,602.00","1,692.00","1,783.00","1,790.00","1,849.00"
"Tarm Bank, Aktieselskabet",579.00,627.00,,,,,,,,,,,,,,,,,,
Thiset og Omegns Spare- Og Lånekasse,0.00,0.00,0.00,0.00,0.00,0.00,,,,,,,,,,,,,,
Thisted Andelskasse,0.00,0.00,0.00,0.00,0.00,0.00,0.00,0.00,0.00,,,,,,,,,,,
Tødsø-Erslev Sparekasse,0.00,0.00,,,,,,,,,,,,,,,,,,
Tønder Bank A/S,579.00,635.00,793.00,889.00,965.00,"1,095.00","1,233.00","1,395.00","1,288.00","1,383.00","1,427.00","1,496.00",,,,,,,,
Totalbanken A/S,449.00,479.00,544.00,606.00,706.00,840.00,"1,059.00","1,274.00","1,193.00","1,220.00","1,254.00",925.00,331.00,342.00,360.00,551.00,586.00,511.00,517.00,
Tved Sparekasse,0.00,0.00,0.00,0.00,0.00,0.00,0.00,0.00,0.00,0.00,,,,,,,,,,
Ulfborg Sparekasse,0.00,0.00,0.00,0.00,0.00,0.00,0.00,0.00,0.00,0.00,0.00,0.00,0.00,0.00,0.00,,,,,
Ulsted Sparekasse,0.00,0.00,0.00,0.00,0.00,0.00,0.00,0.00,,,,,,,,,,,,
Vendsyssel Bank A/S,591.00,632.00,,,,,,,,,,,,,,,,,,
Vestfyns Bank A/S,392.00,414.00,"469,469.00",543.00,588.00,660.00,757.00,826.00,848.00,853.00,874.00,884.00,940.00,,,,,,,
Vestjysk Bank A/S,"1,510.00","1,621.00","1,206.00","1,323.00","1,480.00","1,647.00","1,911.00","2,074.00","1,803.00","1,742.00","1,728.00","1,375.00",160.00,"1,034.00",853.00,931.00,936.00,255.00,263.00,313.00
"Vinderup Bank, A/S",891.00,937.00,515.00,548.00,601.00,666.00,728.00,789.00,755.00,767.00,835.00,795.00,,,,,,,,
Vistoft Sparekasse,0.00,0.00,0.00,0.00,0.00,0.00,0.00,0.00,0.00,0.00,0.00,0.00,0.00,0.00,,,,,,
Vokslev Sogns Spare- og Laanekasse,0.00,0.00,0.00,0.00,0.00,0.00,0.00,0.00,0.00,0.00,0.00,0.00,,,,,,,,
Vorbasse-Hejnsvig Sparekasse,0.00,0.00,0.00,0.00,0.00,0.00,0.00,0.00,0.00,0.00,0.00,0.00,0.00,0.00,0.00,,,,,
Vordingborg Bank A/S,501.00,528.00,592.00,567.00,607.00,646.00,706.00,691.00,702.00,670.00,699.00,700.00,564.00,,,,,,,
