A/S Nørresundby Bank,-6.89,15.20,2.00,5.20,23.10,24.40,23.90,15.90,9.20,-16.30,2.90,-5.90,-8.30,4.60,-4.20,,,,,
Aarhus Lokalbank Aktieselskab,20.80,3.90,-0.50,24.50,34.70,38.80,88.50,74.30,4.00,11.30,-9.60,-18.20,,,,,,,,
Aars Bank A/S,1.90,,,,,,,,,,,,,,,,,,,
Agri-Egens Sparekasse,7.30,14.20,16.40,-0.60,0.30,22.30,18.80,26.80,16.60,10.80,,,,,,,,,,
Aktieselskabet Arbejdernes Landsbank,14.70,2.80,-1.20,7.80,10.20,13.10,22.00,18.80,31.30,-2.60,-0.20,0.20,3.50,2.10,0.90,8.10,6.16,4.03,0.67,3.50
"Alfred Berg SE, Copenhagen Branch",82.90,-35.50,-48.10,-8.90,5.90,,,,,,,,,,,,,,,
Alm. Brand Bank A/S,14.23,17.50,22.70,-1.10,8.80,26.50,24.70,29.80,-7.50,-11.30,-14.70,-18.10,-13.10,-11.40,-35.20,-9.20,-6.10,0.70,23.30,-0.50
Almind Sparekasse,11.60,9.70,9.60,10.50,2.30,-8.50,,,,,,,,,,,,,,
Amagerbanken,23.00,0.20,-13.60,-4.00,15.70,60.20,37.50,35.30,4.10,-7.20,-25.60,,,,,,,,,
Andelskassen Fælleskassen,17.10,4.60,-0.40,0.20,0.70,13.70,35.40,33.80,10.90,2.20,-1.60,-1.60,-4.60,0.50,-2.20,-1.80,8.80,4.46,4.43,2.45
Andelskassen OIKOS,28.90,25.40,21.60,14.40,28.80,33.80,4.00,35.19,13.70,5.08,8.26,6.87,0.72,13.71,17.60,6.90,-6.50,-0.70,6.80,
Århus Andelskasse,9.20,10.60,12.30,22.20,-1.60,,,,,,,,,,,,,,,
ArosMaizels Investment Bank A/S,0.00,,,,,,,,,,,,,,,,,,,
"Arts Herred, Sparekassen for",-7.20,12.20,7.00,-3.00,7.00,-9.90,30.00,38.40,4.70,-1.30,-11.90,7.90,,,,,,,,
Astrup-Tulstrup-Hvilsted Sparekasse,-4.10,12.70,7.60,-25.70,-37.10,-809.00,-80.00,,,,,,,,,,,,,
Bank DNB  A/S,,,,,,,0.00,94.58,110.53,-46.16,-16.79,-60.97,,,,,,,,
Bank Trelleborg A/S,17.20,17.40,12.80,18.40,23.60,26.00,58.80,18.60,,,,,,,,,,,,
Basisbank A/S,0.00,80.60,-2.90,28.70,33.30,23.30,47.70,78.00,-6.90,-6.00,-3.90,-12.80,42.90,-1.80,-2.50,-10.70,17.30,16.40,16.96,16.24
BG Bank A/S,6.70,,,,,,,,,,,,,,,,,,,
Boddum-Ydby Sparekasse,12.40,12.20,4.40,16.00,15.30,-2.70,1.70,9.30,21.30,10.40,13.50,6.70,,,,,,,,
Bonusbanken A/S,30.23,17.10,16.50,20.70,44.00,73.30,41.40,25.30,,,,,,,,,,,,
Borbjerg Sparekasse,12.90,0.20,-8.20,3.10,18.50,-4.50,18.36,35.50,-6.60,-3.80,7.40,0.60,14.80,9.80,7.20,1.80,11.10,13.50,18.00,11.14
"Brenderup, J.A.K. Andelskassen",3.78,-5.50,0.30,11.60,-25.60,12.98,5.80,6.80,-7.89,,,,,,,,,,,
BRFkredit Bank a/s,115.10,75.00,37.10,18.60,9.10,6.90,87.60,29.50,27.90,-19.10,-5.20,-24.00,0.80,-7.00,-14.40,,,,,
Broager Sparekasse,-0.40,14.90,3.40,5.60,-4.30,14.30,22.60,35.20,15.30,6.80,2.40,3.40,-7.90,-4.70,-2.50,5.40,-3.30,0.60,5.40,-5.73
Brovst Sparekasse,-4.50,12.80,3.10,-4.40,-4.50,-2.10,,,,,,,,,,,,,,
Canto Bank A/S,,,,,,,,,,,,,,,,,,,,
Capinordic Bank A/S,,,,,,0.00,"4,202.20",248.63,-35.49,,,,,,,,,,,
Carnegie Bank A/S,105.90,305.30,-12.80,-60.50,698.60,-36.00,15.70,33.00,-24.20,8.90,-76.50,-32.90,3.80,,,,,,,
Coop Bank A/S,,,,,,,,,,,,,,0.00,115.30,42.20,64.70,68.15,21.64,11.08
Danske Andelskassers Bank A/S,29.60,21.70,-10.60,22.90,20.30,37.40,41.50,3.30,35.60,-14.20,-40.00,"1,289.90",-15.50,-11.10,-15.10,-4.70,7.36,5.13,3.40,2.58
Danske Bank A/S,23.60,39.70,-1.70,9.40,14.10,26.00,27.60,33.60,0.00,-17.90,2.00,-2.30,-4.00,-10.70,0.00,4.70,7.70,-2.60,2.00,2.80
Den Jyske Sparekasse,22.90,8.60,10.90,3.00,17.10,26.70,22.80,29.50,23.30,2.00,4.00,2.10,45.20,-9.60,-12.60,-7.50,-3.41,-10.81,,
Den Jyske Sparekasse A/S,,,,,,,,,,,,,,,,,,,-2.64,-1.83
Den lille Sparekasse,10.40,4.40,3.80,9.90,10.40,25.20,24.10,30.00,-6.80,,,,,,,,,,,
Dexia Bank A/S,65.00,414.60,218.40,-1.80,155.70,179.70,-28.00,-8.60,68.90,-41.60,-8.78,38.68,-5.32,,,,,,,
DiBa Bank A/S,7.20,5.70,-3.20,-3.60,32.30,31.60,35.60,16.50,-9.20,-15.50,-8.80,-7.60,-12.50,-18.60,,,,,,
Djurslands Bank A/S,6.80,11.00,7.60,1.90,10.50,20.00,25.30,21.70,-1.60,-8.10,-1.90,3.40,-8.60,2.00,-2.40,-1.90,4.10,23.20,-5.50,-2.50
Dragsholm Sparekasse,26.00,3.40,7.50,-22.40,4.10,29.50,31.60,26.60,12.40,-25.40,-0.70,-2.20,-2.60,-8.90,-11.70,18.00,36.20,17.30,9.79,8.49
Dragstrup-Skallerup Sparekasse,-1.10,-4.10,-16.00,-6.10,2.50,,,,,,,,,,,,,,,
Dronninglund Sparekasse,18.40,32.80,18.60,10.60,13.80,21.00,38.50,21.60,7.70,8.80,-4.90,1.00,1.90,-5.40,-7.10,-5.00,-5.20,-3.90,-13.90,
Durup Sparekasse,11.80,-5.50,-12.30,6.90,4.40,-3.20,,,,,,,,,,,,,,
"Ebeltoft, Andelskassen J.A.K",12.80,16.00,11.30,24.10,1.30,5.42,-12.60,37.10,-5.40,-7.50,4.80,26.50,-12.60,,,,,,,
EBH Bank A/S,4.20,-3.30,12.10,13.80,16.10,46.20,61.30,63.70,,,,,,,,,,,,
Egnsbank Fyn A/S,16.34,12.40,,,,,,,,,,,,,,,,,,
Eik Bank Danmark A/S,,0.00,487.90,258.60,54.90,85.80,45.50,149.60,-3.10,-2.20,0.30,,,,,,,,,
Ekspres Bank A/S,,,,,,,,28.30,21.70,-4.10,-3.77,22.02,17.60,5.66,1.91,11.11,11.58,19.61,11.95,16.17
Facit Bank A/S,,,,,,,,,,,,,,,,,,,,
Fanefjord Sparekasse,28.40,7.10,-0.80,-0.80,8.80,14.70,15.80,5.70,17.30,-0.90,-5.80,-5.80,,,,,,,,
Fanø Sparekasse,-0.10,10.20,17.60,0.00,-0.90,-7.90,27.60,5.10,11.60,1.20,10.40,2.40,-6.50,-4.40,-12.90,-13.30,-11.10,-1.50,1.81,11.90
"Farsø, Sparekassen",18.30,13.60,0.50,20.50,12.20,38.50,48.90,23.80,5.50,-3.20,3.00,-8.20,,,,,,,,
Faster Andelskasse,4.70,1.50,-3.90,-8.10,-7.00,8.30,14.20,-4.80,42.40,3.20,-19.80,2.90,8.61,0.30,5.00,14.60,5.08,7.27,0.20,48.02
FIH Erhvervsbank A/S,,,-0.40,0.10,-1.10,12.20,15.60,-8.70,-3.60,-9.90,-10.80,-28.41,-65.74,-31.90,-44.00,-14.07,,,,
FIH Kapital Bank A/S,,,,,,,,0.00,5.20,-16.20,-8.00,-18.50,-49.82,,,,,,,
Finansbanken A/S,17.40,81.20,23.30,23.10,-9.10,34.30,39.60,42.60,6.30,-12.30,,,,,,,,,,
Fionia Bank A/S,9.90,3.00,8.50,5.60,14.50,23.90,29.20,22.70,6.80,,,,,,,,,,,
Fjaltring-Trans Sparekasse,11.00,-11.60,4.70,-6.60,18.40,5.40,-6.00,-7.09,1.45,-0.60,-4.99,-23.84,3.76,-0.50,-22.80,20.40,12.40,,,
Fjordbank Mors A/S,12.70,13.90,31.10,6.20,25.90,26.10,47.70,28.40,3.20,-1.30,35.90,,,,,,,,,
Flakkebjerg og Omegns Sparekasse,-19.70,2.17,15.10,12.70,-12.10,-28.00,,,,,,,,,,,,,,
Flemløse Sparekasse,6.70,-17.40,23.80,12.30,15.70,23.40,13.70,13.90,10.60,21.20,-1.20,0.40,-9.50,0.40,4.50,-6.80,0.60,,,
Folkesparekassen,26.00,0.20,0.80,-10.50,4.20,50.00,24.80,26.40,4.30,5.70,-3.60,1.90,4.50,18.50,0.30,-0.90,0.80,2.40,4.09,5.80
Forstædernes Bank A/S,34.60,16.50,7.90,22.40,44.00,43.60,20.20,25.10,-12.10,,,,,,,,,,,
Frørup Andelskasse,13.70,-2.70,6.50,-2.40,1.30,18.10,16.80,20.60,4.00,3.60,-7.50,-2.10,-4.50,-5.30,-0.70,4.20,7.43,5.32,1.21,22.62
Frøs Sparekasse,9.90,7.20,9.10,12.80,20.20,13.20,15.40,20.50,-1.10,7.30,6.20,12.60,2.30,-0.90,-4.50,-1.10,-5.30,-2.60,10.80,5.17
Frøslev-Mollerup Sparekasse,6.20,21.00,13.70,12.00,18.10,11.80,15.42,16.50,12.70,-5.50,1.20,9.30,4.20,1.10,1.90,-1.80,4.30,4.41,10.21,3.41
Fruering-Vitved Sparekasse,20.70,8.70,10.30,-6.00,8.70,-15.80,4.30,28.30,28.00,21.70,18.00,,,,,,,,,
Funder Fælleskasse Andelskasse,6.90,0.70,5.40,-3.00,2.60,4.40,-1.20,21.20,10.60,-2.70,-13.00,-2.40,4.10,-6.60,,,,,,
Fuur Sparekasse,5.30,1.80,6.30,3.00,12.40,10.00,,,,,,,,,,,,,,
Fynske Bank A/S,12.90,7.90,8.40,-3.20,46.10,9.20,18.80,14.40,2.90,5.30,-7.10,0.20,-2.80,60.40,-3.60,6.20,-0.10,4.30,5.10,-5.10
Galten Sparekasse,26.00,1.70,-4.90,14.90,1.20,2.20,5.30,,,,,,,,,,,,,
"Grønlandsbanken, Aktieselskab",27.40,6.00,-4.70,-5.10,17.00,23.10,20.40,13.00,19.70,3.90,4.60,4.70,-0.60,-5.60,-2.10,0.30,8.90,8.50,5.00,8.25
Gudme Raaschou Bank A/S,0.00,0.00,0.00,0.00,0.00,0.00,52.90,-13.70,-24.00,,,,,,,,,,,
Hals Sparekasse,2.30,-3.90,-1.20,2.30,-0.20,16.70,23.00,7.40,12.80,-11.00,-2.90,10.30,2.70,-2.10,-4.70,,,,,
Hårslev Sparekasse,16.60,10.80,12.50,35.30,15.10,70.70,11.90,-15.90,,,,,,,,,,,,
Hassing-Villerslev Sparekasse,1.70,4.80,,,,,,,,,,,,,,,,,,
Helgenæs Sparekasse,48.50,-11.90,17.60,5.60,20.00,-13.40,39.30,68.50,47.25,14.60,11.90,88.80,,,,,,,,
Hellevad-Ørum Sparekasse,15.90,16.30,-3.80,-13.70,11.80,,,,,,,,,,,,,,,
Helligsø-Gettrup Sparekasse,7.90,18.20,7.40,12.40,3.10,,,,,,,,,,,,,,,
Holstebro Andelskasse J.A.K,-2.30,-1.20,-0.50,-24.50,-4.63,,,,,,,,,,,,,,,
Hover Sparekasse,15.10,-8.50,-5.70,13.25,-31.90,33.85,38.33,,,,,,,,,,,,,
Hunstrup-Østerild Sparekasse,17.70,-0.40,7.30,18.80,2.20,10.30,9.30,14.80,1.00,13.70,-1.70,3.00,,,,,,,,
HVIDBJERG BANK A/S,,,,,,,,,,,,,,,,,,,,0.65
Hvidbjerg Bank. Aktieselskab,11.50,9.60,6.60,-2.00,11.20,10.50,16.40,42.50,-0.10,5.80,-1.40,6.60,2.80,1.70,-2.60,-4.20,5.94,11.37,2.78,
Hvidbjerg-Ørum Sparekasse,30.70,-0.80,27.70,2.90,6.20,,,,,,,,,,,,,,,
Hvilsager-Lime Sparekasse,9.70,-1.30,11.60,-12.70,-26.10,,,,,,,,,,,,,,,
J.A.K. Andelskassen Varde,3.98,4.76,-0.29,-3.48,27.97,-16.19,16.33,6.95,-4.92,-11.61,-7.84,-11.68,,,,,,,,
J.A.K. Østfyns Andelskasse,36.89,-16.80,-20.80,27.30,29.70,5.40,-25.10,,,,,,,,,,,,,
"JAK-Andelskassen, Hjørring",41.20,6.60,,,,,,,,,,,,,,,,,,
Jelling Sparekasse,25.10,29.50,8.40,1.40,12.60,20.40,48.60,,,,,,,,,,,,,
Jelstrup-Lyngby Sparekasse,10.20,,,,,,,,,,,,,,,,,,,
Jerslev Sparekasse,41.10,11.90,18.30,6.70,15.00,8.80,,,,,,,,,,,,,,
Jutlander Bank A/S,15.20,7.50,4.30,4.40,13.00,30.00,32.00,25.80,6.70,8.10,-2.40,4.20,-9.50,-7.40,43.80,1.80,-2.20,7.70,11.03,-1.84
Jyske Bank A/S,10.70,5.10,8.90,3.10,18.80,27.20,20.30,33.30,0.80,-16.00,2.20,13.00,9.20,5.00,8.90,-9.90,6.40,1.70,-4.00,-6.80
Klim Sparekasse,18.60,6.40,3.90,4.00,4.00,9.60,18.80,17.60,27.70,-5.10,2.20,-10.40,4.50,10.60,-5.60,-1.00,7.30,5.10,12.64,-5.00
Københavns Andelskasse,-5.70,10.60,-8.60,7.60,3.10,30.00,18.40,47.20,13.20,-12.80,23.30,15.80,19.30,86.90,-10.80,-5.20,-2.30,-21.98,,
Kongsted Sparekasse,16.50,0.80,0.10,9.90,-9.70,3.60,16.70,40.10,3.00,-3.00,-0.10,-5.30,-16.30,,,,,,,
Kreditbanken A/S,6.30,15.10,2.80,11.00,12.40,42.90,19.40,23.60,1.20,-6.60,-7.80,-2.80,-4.80,0.40,2.60,7.70,6.60,5.40,5.30,2.20
Lægernes Bank A/S,144.30,65.80,41.60,17.40,15.60,32.90,30.70,29.00,20.40,27.90,18.60,5.10,-2.20,1.20,-4.00,-8.30,-9.34,-10.11,-5.09,-3.36
Lån & Spar Bank A/S,0.10,-0.50,13.80,-5.80,2.80,8.60,20.20,39.10,5.10,2.50,3.00,9.20,8.20,4.70,6.20,23.10,7.20,9.60,5.70,0.90
Langå Sparekasse,15.00,5.80,2.40,-0.50,15.00,2.70,9.40,20.10,2.40,-2.10,-12.80,11.10,6.20,-4.80,1.20,0.20,-1.90,26.50,4.83,7.06
Leasing Fyn Bank A/S,8.80,10.70,-0.80,12.70,-66.30,-22.60,-20.80,-21.40,0.80,-11.92,34.50,32.74,-2.14,-5.59,-24.97,-17.52,-3.10,1.68,35.60,13.70
"Løgumkloster, Sparekassen",13.70,7.30,10.30,7.60,7.70,17.00,24.10,21.30,15.00,,,,,,,,,,,
Lokalbanken i Nordsjælland a/s,12.80,6.20,-1.40,14.50,16.50,33.50,28.30,28.80,-7.70,,,,,,,,,,,
Løkken Sparebank A/S,20.70,33.50,3.90,14.30,22.20,44.10,65.30,33.10,-2.30,,,,,,,,,,,
"Lolland A/S, Sparekassen",14.30,20.90,6.20,15.10,22.60,29.90,15.80,12.30,3.00,1.20,-6.20,25.00,,,,,,,,
Lollands Bank A/S,9.00,8.10,10.90,2.80,13.90,25.10,15.90,13.10,10.70,-7.00,3.40,2.40,-11.50,64.50,-11.20,-4.10,3.29,10.89,11.39,-0.47
Lunar Bank A/S,,,,,,,,,,,,,,,,,,,,0.00
Lunde-Kvong Andelskasse,-1.00,11.72,5.02,6.14,-5.97,43.50,40.94,10.22,12.37,-13.49,3.76,,,,,,,,,
Maj Bank A/S,,,,,,,,,,,,,,,,0.00,0.00,,,49.89
Max Bank af 2011 A/S,23.20,9.90,3.30,14.00,38.30,24.90,56.20,35.00,-15.00,5.70,41.80,,,,,,,,,
Merkur Andelskasse,24.00,21.20,16.90,2.60,20.10,7.00,21.10,38.50,24.10,11.30,9.30,8.40,-2.20,11.60,5.90,4.70,17.13,4.55,-4.07,-0.79
Middelfart Sparekasse,10.00,13.10,4.40,8.40,32.70,16.00,19.50,19.50,-1.90,5.00,0.40,-0.30,2.20,5.30,9.50,-1.00,10.50,16.60,6.20,1.60
"Midt Vest, Sparekassen",5.40,3.70,13.80,-8.20,2.50,-1.30,,,,,,,,,,,,,,
"Midtbank, Aktieselskab",22.40,9.40,,,,,,,,,,,,,,,,,,
"Midtfjord, Sparekassen",0.90,5.80,13.70,2.10,19.60,-4.00,20.00,12.70,4.30,14.50,-22.90,,,,,,,,,
Møns Bank A/S,8.30,10.90,7.80,1.30,0.10,25.80,22.70,8.30,11.20,-1.00,7.60,-1.10,4.40,2.80,2.10,13.90,12.24,6.53,5.08,5.18
Mørke Sparekasse,1.00,-10.60,0.00,9.00,40.10,5.30,16.60,,,,,,,,,,,,,
Morsø Andelskasse JAK,27.90,11.40,1.80,-1.10,17.40,6.90,5.66,,,,,,,,,,,,,
"Morsø Bank, Aktieselskabet",17.30,-0.60,-4.00,27.50,23.80,29.20,46.40,14.90,26.50,-1.70,,,,,,,,,,
Nees Sparekasse,8.60,30.30,,,,,,,,,,,,,,,,,,
Nordea Bank Danmark A/S,-1.00,-0.60,1.50,-5.60,13.00,18.21,17.67,9.25,18.67,5.80,-2.07,-26.00,-3.50,-5.80,-4.60,-2.90,,,,
Nordea Investment Management Bank A/S,,0.00,0.00,0.00,0.00,0.00,,,,,,,,,,,,,,
Nordea Securities Bank Danmark A/S,,0.00,,,,,,,,,,,,,,,,,,
"Nordfyns Bank, Aktieselskabet",7.40,18.10,8.20,-0.60,7.50,22.00,37.10,16.30,8.50,-12.00,5.70,11.00,-0.10,1.10,-1.90,3.80,12.00,1.80,-2.40,-0.70
Nordjyske Bank A/S,13.55,13.70,19.40,-0.10,17.60,24.50,28.60,16.10,12.20,6.20,-0.90,-4.00,-3.40,-0.10,-1.00,95.10,0.90,9.20,,
Nykredit Bank A/S,93.60,30.40,9.50,-8.70,1.80,15.70,23.00,36.80,69.80,-23.70,25.60,8.20,-10.70,-7.60,6.80,-7.50,17.94,1.73,9.95,8.13
Nykredit Portefølje Bank A/S,0.00,0.00,0.00,0.00,0.00,0.00,0.00,,,,,,,,,,,,,
Ø. Brønderslev Sparekasse,8.20,6.80,1.50,1.20,4.80,-1.00,16.60,16.30,7.60,7.40,,,,,,,,,,
Øster og Vester Alling Sparekasse,12.30,-5.80,,,,,,,,,,,,,,,,,,
Østervrå Andelskasse,32.80,16.26,-24.50,66.30,13.00,44.60,28.60,29.40,-9.70,-10.10,-5.50,6.50,-0.10,13.00,19.30,17.90,-6.10,-23.20,34.76,-7.29
Østjydsk Bank A/S,23.62,25.00,10.20,13.80,22.60,32.40,47.30,39.50,6.50,7.60,5.10,-0.30,-4.10,-20.10,-17.10,-29.00,-8.60,-13.80,,
Østvendsyssel J.A.K. Andelskassen,5.00,-0.40,,,,,,,,,,,,,,,,,,
PenSam Bank A/S,25.80,10.00,14.60,7.50,18.20,3.30,37.30,26.10,17.70,-0.20,0.60,3.60,-4.40,12.70,1.70,11.70,6.20,0.52,14.70,4.10
PFA Bank A/S,,,,,,,,,0.00,-36.94,-27.48,-16.07,-53.78,0.00,0.00,0.00,,,,
"Ravsted, Sparekassen",9.50,2.80,,,,,,,,,,,,,,,,,,
Refsnæs Sparekasse,8.80,7.80,-4.60,6.30,13.00,-11.30,15.20,-3.50,14.70,-8.20,14.10,17.90,12.50,0.70,9.40,-1.10,-3.20,,,
"Ringkjøbing Bank, Aktieselskabet",14.20,6.90,5.20,15.70,28.50,51.10,28.70,22.60,,,,,,,,,,,,
Ringkjøbing Landbobank. Aktieselskab,16.30,14.80,28.90,14.00,38.50,39.00,27.30,10.80,-1.70,-6.10,0.80,-3.10,-2.50,11.50,7.80,14.00,2.70,10.70,72.90,6.30
Rise Flemløse Sparekasse,9.50,6.80,-9.70,-19.80,-18.40,5.30,22.50,13.10,16.90,14.80,22.40,17.40,6.40,7.40,-0.50,8.70,-0.10,34.40,-7.06,1.39
"Rødding, J.A.K. Andelskasse",6.50,-3.40,-17.50,33.40,-16.90,-15.50,-11.20,6.60,,,,,,,,,,,,
Rønde Sparekasse,-1.90,-3.70,-7.50,-8.40,18.70,21.40,20.60,13.20,9.70,-6.00,-9.90,5.20,15.90,15.10,15.60,8.50,6.20,14.20,2.50,-8.06
Roskilde Bank A/S,26.00,13.70,7.10,12.60,38.70,53.90,58.70,37.00,,,,,,,,,,,,
Roslev Sparekasse,13.90,20.40,1.90,-1.40,13.30,-3.70,,,,,,,,,,,,,,
Ryslinge Andelskasse,4.40,11.40,4.40,7.60,2.20,-1.10,12.10,17.30,7.50,8.00,-6.00,,,,,,,,,
Salling Bank A/S,3.40,-5.00,-5.00,0.00,1.20,11.90,13.70,26.70,5.60,10.60,6.30,0.30,11.30,-4.80,4.00,2.30,2.11,-5.46,6.57,-8.77
Sammenslutningen Danske Andelskasser,10.10,3.30,2.50,5.80,9.50,17.60,20.90,16.10,11.20,-6.40,-3.20,,,,,,,,,
Saxo Bank A/S,,43.90,9.70,55.10,64.10,18.30,44.00,-3.40,-35.20,61.30,41.50,61.70,21.20,-28.10,-78.60,-48.91,165.17,-27.90,62.40,-27.00
Saxo Privatbank A/S,9.10,5.20,27.30,37.30,44.40,43.10,63.50,17.40,-3.50,-9.80,3.50,8.05,3.10,7.88,2.44,-1.24,-4.70,0.20,,
Saxo Treasury Bank A/S,,0.00,348.50,56.20,70.80,135.70,74.26,98.44,-68.15,64.33,13.40,,,,,,,,,
Sdr. Lem Andelskasse,-1.30,64.70,27.10,28.60,-100.00,,,,,,,,,,,,,,,
Skælskør Bank Aktieselskab,21.00,11.10,2.50,10.10,24.20,37.70,22.30,22.80,-4.20,7.00,,,,,,,,,,
SkandiaBanken A/S,28.00,-3.00,,,,,,,,,,,,,,,,,,
Skandinaviska Enskilda Banken A/S,-7.00,19.30,8.80,51.60,18.70,13.80,128.60,-37.60,-38.80,-9.30,16.30,-8.50,,,,,,,,
Skjern Bank A/S,21.96,12.40,16.50,10.90,13.60,20.90,51.60,24.50,-3.80,-2.50,-1.50,-2.70,-0.80,4.10,-0.10,-3.80,5.00,6.40,11.10,-0.80
"Slagelse, Andelskassen J.A.K.",13.82,-0.30,14.44,15.80,11.85,13.90,39.93,22.01,15.50,13.92,2.75,-5.40,-3.00,-7.60,6.60,-24.90,,,,
Snedsted-Nørhå Sparekasse,1.60,3.70,1.70,-0.30,17.20,,,,,,,,,,,,,,,
Snesere Sogns Spare- og Lånekasse,-44.10,,,,,,,,,,,,,,,,,,,
Søby-Skader-Halling Sparekasse,2.90,-6.20,18.40,1.40,3.80,7.70,9.50,27.10,22.20,6.70,0.80,-8.60,-4.30,-6.60,-6.90,-2.30,13.40,,,
Sønderhå-Hørsted Sparekasse,5.50,2.70,24.80,-2.60,35.10,11.60,32.30,7.70,10.70,3.00,2.80,13.20,3.50,7.60,3.00,11.10,9.60,1.80,8.80,6.78
Spar Nord Bank A/S,13.90,-3.00,2.60,5.30,10.20,38.60,26.60,18.60,11.00,-15.60,4.80,-3.80,-0.15,-5.70,-0.34,-4.50,3.58,6.60,6.73,9.12
Spar Salling Sparekasse,19.50,9.80,12.60,-0.40,31.60,29.10,28.10,21.20,8.90,5.20,3.00,-5.60,,,,,,,,
Sparbank A/S,4.50,11.80,9.30,12.10,17.90,24.00,29.90,11.70,-1.20,-12.20,-29.60,-0.40,,,,,,,,
Spare- og Laanekassen i Vium Sogn,15.43,6.90,18.80,-1.60,0.00,,,,,,,,,,,,,,,
Sparebank Østjylland,18.10,8.30,26.30,33.10,15.70,28.10,55.30,46.30,7.60,-6.90,0.00,-7.60,,,,,,,,
Sparekassen Balling,8.20,4.30,6.30,-11.30,16.10,1.00,25.60,24.60,12.80,-17.00,6.70,4.50,3.00,-6.60,1.80,21.50,12.90,7.80,3.25,3.15
Sparekassen Bredebro,6.10,18.60,4.10,5.10,7.20,10.90,48.70,38.80,13.90,4.10,-1.40,5.90,0.30,-2.30,-9.10,-4.30,2.90,-4.00,0.81,2.76
Sparekassen Den lille Bikube,1.20,48.40,17.60,11.40,4.20,4.30,14.20,23.70,19.90,3.30,-6.40,0.40,0.80,1.80,-8.40,-9.10,0.00,-0.70,4.49,-8.36
Sparekassen Djursland,4.30,3.90,-1.60,9.50,18.70,2.60,29.30,26.60,6.90,0.20,1.00,-5.20,-6.90,3.90,18.80,2.60,0.10,6.70,2.83,-8.59
Sparekassen for Nr. Nebel og Omegn,9.70,5.60,-1.80,5.00,5.20,3.80,11.60,25.40,7.50,-4.00,-6.00,8.80,-17.40,-14.20,-4.30,-6.80,0.90,0.40,-1.05,6.60
Sparekassen Fyn A/S,19.90,0.60,14.80,7.80,36.50,30.70,28.50,11.40,1.50,-8.10,-7.70,-3.70,-14.70,-7.50,-6.70,-2.20,,,,
Sparekassen Hobro,13.30,7.40,9.40,10.90,6.70,16.90,32.60,16.00,6.50,-5.20,-1.60,-4.20,-4.80,-3.70,,,,,,
Sparekassen Hvetbo A/S,4.20,2.80,-1.00,17.00,44.00,15.20,35.70,36.10,-0.20,3.60,-5.90,-5.70,,,,,,,,
Sparekassen i Skals,6.80,1.50,1.50,8.90,9.50,18.50,15.70,17.50,11.80,7.70,1.70,-1.90,,,,,,,,
Sparekassen Kronjylland,18.20,9.20,6.40,13.50,15.80,7.60,28.90,23.00,4.00,-2.00,7.10,8.60,18.50,-2.00,-1.60,13.20,15.20,10.50,13.50,2.30
Sparekassen Limfjorden,13.90,9.30,7.20,8.60,3.90,10.80,19.70,26.00,4.80,4.40,4.60,-4.00,,,,,,,,
Sparekassen Midtdjurs,-1.50,8.50,2.30,2.80,-8.00,3.30,7.90,12.10,19.30,19.60,6.50,,,,,,,,,
Sparekassen Nordmors,12.90,0.50,1.00,1.20,2.50,5.70,1.29,9.46,,,,,,,,,,,,
Sparekassen Sjælland-Fyn A/S,6.22,13.60,9.60,11.70,24.20,38.70,43.90,8.60,11.20,6.50,-0.40,24.30,-14.03,-20.80,-10.60,0.40,7.90,11.90,6.10,0.50
Sparekassen Spar Mors,4.20,11.10,0.00,19.00,15.60,19.90,25.60,38.80,,,,,,,,,,,,
Sparekassen Thy,1.00,6.80,20.70,2.00,9.50,22.30,34.60,21.50,7.70,-2.60,-0.20,5.90,3.50,-2.90,-7.70,8.50,7.70,6.30,6.58,-0.53
Sparekassen Vendsyssel,24.00,7.00,5.70,24.20,31.30,21.40,39.10,37.10,9.20,4.80,5.50,3.60,13.30,-0.80,4.50,1.90,3.80,12.00,22.86,2.19
St. Brøndum Sparekasse,11.00,6.10,19.80,8.80,12.70,15.10,16.50,7.90,,,,,,,,,,,,
Stadil Sparekasse,-5.00,-3.06,20.74,-8.44,4.38,-13.97,4.63,54.52,15.70,5.40,1.60,3.60,9.10,-0.20,-5.90,-2.30,17.20,24.80,9.33,15.24
"Sundsøre, Sparekassen",3.90,-4.20,-17.00,12.70,-4.40,3.70,,,,,,,,,,,,,,
Sydbank A/S,12.62,6.80,3.10,2.70,19.40,27.30,19.50,14.10,16.10,-9.10,-4.60,-8.60,0.23,-5.70,6.50,8.50,3.90,-16.60,-5.20,-0.30
"Tarm Bank, Aktieselskabet",6.00,-1.70,,,,,,,,,,,,,,,,,,
Thiset og Omegns Spare- Og Lånekasse,-6.50,-13.40,-7.50,-19.50,20.30,-41.00,,,,,,,,,,,,,,
Thisted Andelskasse,-8.20,-0.10,4.30,14.30,12.20,12.20,25.00,6.10,8.30,,,,,,,,,,,
Tødsø-Erslev Sparekasse,11.40,16.90,,,,,,,,,,,,,,,,,,
Tønder Bank A/S,24.20,5.20,1.00,20.70,10.20,10.50,14.60,24.90,1.50,18.70,-8.00,1.80,,,,,,,,
Totalbanken A/S,14.40,5.60,-0.20,-0.10,19.70,44.40,39.00,23.30,-12.00,6.00,-1.60,-10.30,-16.07,-0.30,-5.80,-1.00,4.56,12.05,5.18,6.14
Tved Sparekasse,7.80,6.00,7.70,17.50,10.70,-7.90,14.60,31.50,8.20,-5.30,,,,,,,,,,
Ulfborg Sparekasse,33.90,-3.50,4.50,-16.60,-1.00,3.20,-38.10,0.30,48.60,1.50,-10.20,-8.90,2.60,0.20,-9.30,,,,,
Ulsted Sparekasse,11.20,-3.30,8.50,12.40,15.40,5.50,21.20,15.10,,,,,,,,,,,,
Vendsyssel Bank A/S,18.70,11.40,,,,,,,,,,,,,,,,,,
Vestfyns Bank A/S,13.10,2.30,15.30,-0.90,7.70,16.60,18.80,20.80,-1.80,1.80,-2.10,-0.70,-2.40,,,,,,,
Vestjysk Bank A/S,5.90,27.30,6.40,11.80,13.40,25.30,27.60,26.30,65.30,-0.80,-1.70,-7.50,-4.69,-16.10,-15.20,-9.40,-6.35,-7.18,-5.61,-5.34
"Vinderup Bank, A/S",-2.20,-0.40,4.90,2.90,0.40,3.70,6.80,11.00,-3.10,-1.80,-4.30,9.10,,,,,,,,
Vistoft Sparekasse,16.30,29.60,4.00,12.00,-1.70,16.90,53.10,74.80,5.90,2.90,1.00,-0.70,10.50,4.40,,,,,,
Vokslev Sogns Spare- og Laanekasse,28.70,9.40,5.80,57.70,33.50,4.60,4.40,13.00,-3.50,10.10,-1.62,-7.06,,,,,,,,
Vorbasse-Hejnsvig Sparekasse,17.30,4.50,4.00,8.20,46.00,-2.10,26.90,14.90,13.00,-0.20,15.50,-4.30,-9.40,-15.70,-7.60,,,,,
Vordingborg Bank A/S,11.10,10.90,2.00,11.00,11.80,1.40,32.80,12.20,8.30,12.40,10.60,0.90,-14.40,,,,,,,
