A/S Nørresundby Bank,4.41,5.80,6.10,5.90,4.60,3.90,2.90,2.60,3.00,3.60,3.20,1.50,2.10,0.20,0.50,,,,,
Aarhus Lokalbank Aktieselskab,2.83,4.20,4.90,4.40,4.00,0.10,1.20,-0.80,-3.70,-5.00,-28.70,-7.50,,,,,,,,
Aars Bank A/S,4.40,,,,,,,,,,,,,,,,,,,
Agri-Egens Sparekasse,4.20,0.00,0.00,0.00,0.00,8.00,10.60,0.00,4.50,0.00,,,,,,,,,,
Aktieselskabet Arbejdernes Landsbank,9.90,7.10,3.80,5.20,4.40,5.10,4.70,3.70,5.30,3.80,3.00,0.20,-1.40,-2.30,-1.40,-1.00,-1.19,-0.72,0.53,1.15
"Alfred Berg SE, Copenhagen Branch",0.00,0.40,1.50,1.00,0.44,,,,,,,,,,,,,,,
Alm. Brand Bank A/S,6.53,1.80,4.70,6.80,5.90,7.00,6.30,2.70,6.40,5.00,-0.90,-2.40,-1.80,2.50,2.20,0.50,0.60,2.10,3.50,3.60
Almind Sparekasse,7.10,3.50,5.00,6.60,6.80,10.10,,,,,,,,,,,,,,
Amagerbanken,3.30,3.40,2.30,2.50,1.10,2.60,1.30,0.60,1.70,-2.00,-0.90,,,,,,,,,
Andelskassen Fælleskassen,0.70,0.65,0.00,0.20,0.70,2.10,1.20,1.70,2.50,2.70,2.00,4.30,4.20,0.80,1.40,3.50,1.10,4.52,6.63,0.10
Andelskassen OIKOS,6.10,0.30,2.10,17.10,0.20,2.30,1.50,1.00,0.00,3.30,7.30,1.35,2.84,0.00,0.80,1.09,0.50,0.00,0.46,
Århus Andelskasse,3.90,1.50,9.30,5.50,0.40,,,,,,,,,,,,,,,
ArosMaizels Investment Bank A/S,0.80,,,,,,,,,,,,,,,,,,,
"Arts Herred, Sparekassen for",10.63,10.10,12.10,12.00,13.80,16.70,9.60,8.60,6.50,6.80,5.90,7.40,,,,,,,,
Astrup-Tulstrup-Hvilsted Sparekasse,8.30,13.00,12.20,16.40,11.00,10.50,0.00,,,,,,,,,,,,,
Bank DNB  A/S,,,,,,,0.00,0.02,-0.06,-0.12,-0.18,0.03,,,,,,,,
Bank Trelleborg A/S,5.30,4.00,4.50,2.30,1.70,2.40,1.40,1.40,,,,,,,,,,,,
Basisbank A/S,0.00,0.00,5.30,4.00,3.30,7.80,4.90,4.20,6.40,5.30,4.70,2.30,-9.10,-3.80,-1.70,-0.40,0.20,-0.30,-0.43,-0.14
BG Bank A/S,5.30,,,,,,,,,,,,,,,,,,,
Boddum-Ydby Sparekasse,3.00,2.50,3.80,3.60,2.40,2.60,2.40,2.30,1.70,0.70,2.30,4.90,,,,,,,,
Bonusbanken A/S,17.29,16.40,11.00,9.30,7.80,5.50,4.90,1.30,,,,,,,,,,,,
Borbjerg Sparekasse,2.50,3.50,3.10,5.70,2.70,4.60,1.96,0.80,1.00,4.00,3.80,5.10,6.10,4.40,2.70,1.20,0.50,0.70,2.37,2.26
"Brenderup, J.A.K. Andelskassen",0.53,6.80,12.60,0.00,0.00,0.00,0.00,0.00,0.00,,,,,,,,,,,
BRFkredit Bank a/s,8.00,8.40,4.10,1.90,3.80,5.20,1.60,2.30,2.50,2.60,1.10,-1.70,-0.70,0.40,-3.70,,,,,
Broager Sparekasse,6.30,7.80,5.90,6.80,3.90,5.60,5.10,2.40,8.20,1.90,4.90,0.60,2.40,-0.20,0.70,0.90,0.70,1.30,1.11,2.05
Brovst Sparekasse,4.00,6.40,6.30,8.60,5.70,7.70,,,,,,,,,,,,,,
Canto Bank A/S,,,,,,,,,,,,,,,,,,,0.85,1.29
Capinordic Bank A/S,,,,,,0.00,0.05,0.02,-0.22,,,,,,,,,,,
Carnegie Bank A/S,7.80,0.80,-1.30,4.60,0.40,0.10,8.20,-6.20,0.20,0.00,0.20,0.10,0.10,,,,,,,
Coop Bank A/S,,,,,,,,,,,,,,-0.10,2.10,1.40,1.93,0.03,1.85,2.16
Danske Andelskassers Bank A/S,3.40,8.30,7.30,3.50,3.30,3.70,4.00,3.20,3.30,5.90,4.50,1.60,2.50,3.60,0.80,2.10,2.30,2.30,2.80,2.20
Danske Bank A/S,1.80,2.90,1.50,2.20,0.60,0.00,0.40,2.10,2.50,0.70,0.00,0.40,0.10,1.10,1.60,1.50,3.60,3.20,3.40,3.40
Den Jyske Sparekasse,3.80,4.40,5.70,4.90,3.90,2.50,2.10,1.90,2.50,3.10,-0.70,-1.80,-2.60,0.20,0.10,0.47,0.07,-0.02,,
Den Jyske Sparekasse A/S,,,,,,,,,,,,,,,,,,,0.11,0.39
Den lille Sparekasse,6.80,6.70,5.70,4.20,5.10,8.80,7.10,5.00,7.20,,,,,,,,,,,
Dexia Bank A/S,3.80,0.60,4.40,8.90,1.70,7.00,2.20,0.10,9.63,1.50,2.07,0.14,1.12,,,,,,,
DiBa Bank A/S,3.40,4.70,7.60,5.80,5.70,6.00,8.10,5.50,7.80,2.20,1.70,-3.70,-1.30,-6.30,,,,,,
Djurslands Bank A/S,0.86,1.00,1.80,2.40,1.80,2.30,1.80,1.80,2.30,1.50,0.40,1.10,0.79,1.30,1.00,2.00,2.40,1.20,1.60,1.40
Dragsholm Sparekasse,14.60,13.00,14.10,13.50,7.30,16.00,12.80,11.00,11.80,15.10,11.00,9.00,5.60,9.10,4.80,7.20,6.20,5.60,4.74,3.98
Dragstrup-Skallerup Sparekasse,4.80,0.00,5.68,3.64,3.62,,,,,,,,,,,,,,,
Dronninglund Sparekasse,12.80,0.10,-1.40,4.50,3.70,4.40,1.90,1.90,1.50,0.40,1.20,1.20,0.60,0.20,1.30,3.00,1.00,1.00,0.20,
Durup Sparekasse,3.00,4.40,4.50,4.40,3.30,4.10,,,,,,,,,,,,,,
"Ebeltoft, Andelskassen J.A.K",0.00,0.00,0.00,0.00,0.00,0.00,0.00,0.00,0.00,0.00,0.00,1.00,0.00,,,,,,,
EBH Bank A/S,9.70,8.90,8.00,7.60,10.90,9.50,7.60,6.80,,,,,,,,,,,,
Egnsbank Fyn A/S,2.79,4.00,,,,,,,,,,,,,,,,,,
Eik Bank Danmark A/S,,0.00,0.00,0.00,2.30,2.20,2.00,4.20,2.10,5.80,1.60,,,,,,,,,
Ekspres Bank A/S,,,,,,,,5.97,-1.30,-1.16,1.72,-2.39,-1.85,-1.59,-1.38,-4.84,-5.16,-3.28,-3.62,-3.06
Facit Bank A/S,,,,,,,,,,,,,,,,,,,,
Fanefjord Sparekasse,6.00,4.10,5.40,3.60,3.80,5.20,6.90,8.00,7.30,6.40,8.30,3.10,,,,,,,,
Fanø Sparekasse,3.90,4.40,4.40,3.10,4.30,4.50,4.60,4.40,4.10,2.60,3.20,3.20,3.40,5.20,3.40,3.70,3.40,3.50,4.45,4.04
"Farsø, Sparekassen",3.70,6.60,1.70,1.10,0.90,4.10,0.70,1.50,4.40,2.10,-7.90,1.70,,,,,,,,
Faster Andelskasse,3.90,0.10,2.50,4.80,5.50,6.60,5.60,7.10,1.32,1.60,3.00,4.20,4.80,3.50,0.90,1.30,2.28,1.62,4.12,3.41
FIH Erhvervsbank A/S,,,1.90,3.20,2.50,5.10,5.10,3.80,-0.40,2.40,1.50,0.54,0.66,2.20,0.90,-0.07,,,,
FIH Kapital Bank A/S,,,,,,,,0.26,1.90,1.10,0.20,0.40,0.26,,,,,,,
Finansbanken A/S,3.20,2.20,1.80,1.30,-0.30,0.60,0.50,0.10,-0.30,2.40,,,,,,,,,,
Fionia Bank A/S,5.70,6.00,7.20,5.70,5.30,3.30,2.80,1.50,0.60,,,,,,,,,,,
Fjaltring-Trans Sparekasse,4.60,1.50,5.80,9.90,11.43,8.80,4.27,0.94,0.60,0.92,0.30,0.27,0.00,0.00,18.30,0.00,0.00,,,
Fjordbank Mors A/S,6.30,7.60,8.20,5.00,3.20,4.10,1.80,1.70,2.60,2.40,2.50,,,,,,,,,
Flakkebjerg og Omegns Sparekasse,10.50,9.70,8.00,8.00,9.50,11.50,,,,,,,,,,,,,,
Flemløse Sparekasse,0.40,2.80,2.60,5.90,1.70,3.60,2.11,2.20,2.90,4.00,3.30,0.80,0.10,0.80,0.40,1.10,2.48,,,
Folkesparekassen,1.40,2.40,4.30,5.80,1.30,1.90,1.60,1.90,0.30,2.10,1.20,1.50,3.00,4.30,1.50,3.00,2.10,3.20,2.80,2.00
Forstædernes Bank A/S,2.00,2.70,4.00,2.40,3.00,2.90,2.90,3.20,1.90,,,,,,,,,,,
Frørup Andelskasse,2.20,2.70,2.60,2.10,2.30,2.90,2.60,2.90,3.10,4.60,5.40,5.70,3.60,1.90,1.90,2.70,5.57,4.50,3.95,4.65
Frøs Sparekasse,3.00,2.60,4.50,2.10,0.90,2.50,2.80,1.60,0.60,1.20,1.10,-0.30,-0.40,-0.30,-0.50,1.00,1.20,2.60,3.05,2.98
Frøslev-Mollerup Sparekasse,4.90,3.40,2.80,2.60,1.40,1.80,2.20,1.60,2.20,2.40,2.40,2.40,2.20,3.60,3.10,3.90,3.00,3.13,3.79,3.57
Fruering-Vitved Sparekasse,11.90,7.60,4.20,2.30,4.50,8.10,7.20,4.20,2.80,1.60,3.20,,,,,,,,,
Funder Fælleskasse Andelskasse,0.20,0.20,0.10,0.10,0.00,0.00,0.00,0.00,0.00,0.00,1.00,0.90,0.60,0.00,,,,,,
Fuur Sparekasse,1.90,3.00,0.20,5.20,2.90,4.60,,,,,,,,,,,,,,
Fynske Bank A/S,3.00,4.40,4.30,4.30,3.80,3.30,4.00,2.30,3.50,2.80,3.40,1.30,1.10,1.80,3.20,1.20,1.41,1.80,1.80,1.75
Galten Sparekasse,1.60,1.80,4.90,4.30,3.30,3.70,1.20,,,,,,,,,,,,,
"Grønlandsbanken, Aktieselskab",4.30,4.60,3.80,4.90,3.40,5.80,4.90,4.00,2.20,1.20,1.20,1.00,1.20,0.60,1.30,1.10,1.30,1.10,2.00,2.10
Gudme Raaschou Bank A/S,0.84,0.57,0.00,0.00,0.00,0.10,14.40,6.90,-15.40,,,,,,,,,,,
Hals Sparekasse,4.80,29.10,13.30,11.60,8.80,10.10,6.20,5.90,7.10,5.70,7.90,3.50,2.70,3.40,3.40,,,,,
Hårslev Sparekasse,12.60,11.20,8.10,7.90,0.00,4.00,3.30,13.70,,,,,,,,,,,,
Hassing-Villerslev Sparekasse,7.00,9.20,,,,,,,,,,,,,,,,,,
Helgenæs Sparekasse,7.20,2.40,4.90,7.60,5.30,9.10,10.60,10.90,8.60,28.30,17.90,13.40,,,,,,,,
Hellevad-Ørum Sparekasse,5.40,4.00,2.30,6.10,4.40,,,,,,,,,,,,,,,
Helligsø-Gettrup Sparekasse,2.30,7.40,5.70,9.60,8.30,,,,,,,,,,,,,,,
Holstebro Andelskasse J.A.K,2.33,1.50,3.70,4.31,4.35,,,,,,,,,,,,,,,
Hover Sparekasse,12.90,6.30,7.84,6.13,2.25,4.91,5.76,,,,,,,,,,,,,
Hunstrup-Østerild Sparekasse,4.70,5.00,7.30,4.80,4.00,3.60,3.80,3.80,2.70,4.30,4.60,5.10,,,,,,,,
HVIDBJERG BANK A/S,,,,,,,,,,,,,,,,,,,,0.62
Hvidbjerg Bank. Aktieselskab,0.50,0.70,0.40,0.50,1.10,1.60,0.70,1.00,1.00,1.30,1.50,0.10,1.40,0.50,-0.30,-0.80,-0.10,0.00,0.60,
Hvidbjerg-Ørum Sparekasse,3.90,6.40,5.70,3.80,4.60,,,,,,,,,,,,,,,
Hvilsager-Lime Sparekasse,4.90,6.30,5.90,9.40,6.70,,,,,,,,,,,,,,,
J.A.K. Andelskassen Varde,0.00,0.00,0.00,0.00,0.00,0.00,0.00,0.00,0.00,0.00,0.00,0.00,,,,,,,,
J.A.K. Østfyns Andelskasse,0.00,0.00,0.00,0.00,0.00,0.00,0.00,,,,,,,,,,,,,
"JAK-Andelskassen, Hjørring",0.00,0.00,,,,,,,,,,,,,,,,,,
Jelling Sparekasse,5.00,6.00,8.00,7.90,5.20,6.50,3.90,,,,,,,,,,,,,
Jelstrup-Lyngby Sparekasse,6.60,,,,,,,,,,,,,,,,,,,
Jerslev Sparekasse,9.30,11.50,11.60,9.10,6.40,8.90,,,,,,,,,,,,,,
Jutlander Bank A/S,5.50,8.00,7.00,5.60,3.90,4.10,3.70,3.90,3.60,2.00,2.90,0.60,0.60,1.10,2.00,1.40,1.50,1.30,2.60,2.35
Jyske Bank A/S,0.30,2.60,0.70,1.70,0.60,0.40,1.10,2.20,1.30,2.00,1.40,0.70,1.00,1.80,0.60,1.10,0.80,0.80,0.80,0.40
Klim Sparekasse,1.10,4.20,3.60,2.50,2.20,2.50,2.90,0.90,1.60,2.70,6.20,3.60,3.30,4.20,2.90,2.70,2.80,4.30,3.54,3.90
Københavns Andelskasse,5.50,9.80,5.60,4.40,1.40,1.60,0.40,1.10,1.30,3.20,2.80,7.50,10.30,-10.30,0.50,0.10,0.00,1.65,,
Kongsted Sparekasse,2.50,0.40,0.00,21.40,2.90,10.50,6.50,3.60,4.50,12.70,16.20,12.40,23.40,,,,,,,
Kreditbanken A/S,1.69,1.20,0.00,1.20,0.60,0.50,0.60,0.60,0.70,0.80,0.40,0.70,0.80,0.90,0.50,0.70,0.80,0.30,0.80,1.55
Lægernes Bank A/S,6.90,17.00,14.60,8.30,9.30,7.90,7.60,13.70,12.10,1.10,-2.30,-0.80,0.20,0.20,0.20,0.80,0.33,7.12,11.14,6.95
Lån & Spar Bank A/S,7.70,8.40,6.20,4.60,3.90,4.50,4.40,3.70,3.00,3.60,2.80,2.00,1.30,-1.90,3.50,1.70,1.20,1.70,1.80,2.00
Langå Sparekasse,4.20,6.00,7.60,8.00,4.80,4.60,3.70,3.20,4.90,4.00,3.90,4.70,2.90,3.60,4.50,5.70,4.40,5.30,5.34,2.65
Leasing Fyn Bank A/S,0.00,0.00,0.00,0.00,0.00,0.00,-0.60,0.60,0.30,0.16,0.00,0.00,0.00,0.20,0.00,0.03,2.85,3.64,2.00,1.70
"Løgumkloster, Sparekassen",4.00,4.50,3.90,3.90,3.20,3.60,2.20,2.00,2.80,,,,,,,,,,,
Lokalbanken i Nordsjælland a/s,3.00,2.20,2.40,1.80,1.80,1.00,1.50,1.10,0.10,,,,,,,,,,,
Løkken Sparebank A/S,6.90,9.50,7.90,8.80,7.20,10.80,3.00,1.00,0.00,,,,,,,,,,,
"Lolland A/S, Sparekassen",5.00,6.10,5.30,3.80,3.60,2.10,1.50,1.90,2.00,0.80,1.50,-0.20,,,,,,,,
Lollands Bank A/S,1.00,3.20,1.10,2.80,1.40,1.80,1.80,2.60,1.50,1.50,0.90,1.40,1.40,0.70,2.40,3.30,1.37,0.79,0.82,-0.33
Lunar Bank A/S,,,,,,,,,,,,,,,,,,,,0.00
Lunde-Kvong Andelskasse,8.50,5.20,11.33,9.95,6.87,4.48,4.20,1.95,9.73,5.78,0.00,,,,,,,,,
Maj Bank A/S,,,,,,,,,,,,,,,,0.00,0.02,,0.00,0.02
Max Bank af 2011 A/S,1.70,3.60,3.50,1.80,2.30,2.80,3.00,4.60,4.80,2.20,0.70,,,,,,,,,
Merkur Andelskasse,1.00,0.30,2.30,4.60,2.00,1.60,2.60,5.90,4.80,2.70,1.10,1.30,1.40,1.30,0.10,1.60,0.15,0.06,0.20,0.41
Middelfart Sparekasse,1.50,1.70,5.40,3.40,2.10,0.90,1.30,2.20,4.30,0.70,-2.30,0.30,0.60,0.40,0.60,1.40,1.30,1.60,1.10,1.00
"Midt Vest, Sparekassen",1.80,1.60,1.90,1.60,3.40,4.30,,,,,,,,,,,,,,
"Midtbank, Aktieselskab",2.10,0.00,,,,,,,,,,,,,,,,,,
"Midtfjord, Sparekassen",5.80,8.20,11.90,8.50,2.60,5.50,2.90,2.00,3.00,2.30,77.00,,,,,,,,,
Møns Bank A/S,2.10,1.50,2.30,2.40,2.70,2.40,2.30,3.20,1.50,0.70,1.10,1.10,2.90,2.30,1.40,0.70,0.36,0.25,0.21,-0.17
Mørke Sparekasse,2.00,6.30,0.00,5.50,1.60,2.00,1.40,,,,,,,,,,,,,
Morsø Andelskasse JAK,0.00,0.00,0.00,0.00,6.00,0.00,0.00,,,,,,,,,,,,,
"Morsø Bank, Aktieselskabet",3.10,3.50,5.60,4.20,3.20,4.00,0.80,1.50,0.20,0.40,,,,,,,,,,
Nees Sparekasse,3.60,3.90,,,,,,,,,,,,,,,,,,
Nordea Bank Danmark A/S,3.20,4.00,3.30,6.80,3.00,2.00,2.57,0.90,2.10,5.20,2.00,-0.21,2.40,0.10,0.60,1.10,,,,
Nordea Investment Management Bank A/S,,0.00,0.00,0.00,0.00,0.00,,,,,,,,,,,,,,
Nordea Securities Bank Danmark A/S,,0.00,,,,,,,,,,,,,,,,,,
"Nordfyns Bank, Aktieselskabet",2.09,3.30,1.80,1.90,1.80,2.20,0.80,0.70,1.50,0.50,0.10,-1.30,-1.40,-1.30,-1.30,1.50,0.90,3.20,4.10,1.40
Nordjyske Bank A/S,2.61,3.10,3.10,2.80,2.00,1.60,0.50,0.20,0.70,0.10,-0.40,-1.00,-0.80,-0.50,0.40,0.10,1.00,1.40,,
Nykredit Bank A/S,0.20,2.60,3.10,2.40,3.00,3.30,4.20,3.20,-0.30,0.10,0.50,0.70,0.50,0.60,0.60,0.50,0.52,0.62,0.33,0.34
Nykredit Portefølje Bank A/S,0.10,0.40,0.00,0.60,0.40,0.20,0.10,,,,,,,,,,,,,
Ø. Brønderslev Sparekasse,4.20,3.30,5.80,3.80,2.30,3.70,1.20,0.90,0.50,4.10,,,,,,,,,,
Øster og Vester Alling Sparekasse,9.60,6.50,,,,,,,,,,,,,,,,,,
Østervrå Andelskasse,0.00,0.00,0.00,0.00,0.00,0.00,0.00,0.00,0.00,0.00,1.90,0.00,0.00,0.00,0.00,3.50,2.60,3.70,-0.67,-0.90
Østjydsk Bank A/S,2.40,2.30,2.10,2.00,0.60,0.40,0.10,-0.10,0.00,0.80,-2.10,0.70,-0.80,-1.60,-2.70,-1.40,-1.10,-1.10,,
Østvendsyssel J.A.K. Andelskassen,0.00,0.00,,,,,,,,,,,,,,,,,,
PenSam Bank A/S,13.70,16.10,16.40,18.60,12.20,13.80,11.20,2.50,6.60,14.80,9.40,10.60,9.80,3.70,4.50,4.50,4.80,4.53,4.30,1.90
PFA Bank A/S,,,,,,,,,-0.22,-0.70,-1.50,2.55,-0.33,0.00,0.00,0.40,0.61,0.70,,
"Ravsted, Sparekassen",2.90,1.60,,,,,,,,,,,,,,,,,,
Refsnæs Sparekasse,8.10,5.71,7.40,3.00,0.00,0.00,9.70,5.80,4.10,3.80,2.40,1.20,1.10,0.50,0.30,1.30,0.00,,,
"Ringkjøbing Bank, Aktieselskabet",4.10,3.90,0.30,2.70,0.90,2.40,3.00,4.70,,,,,,,,,,,,
Ringkjøbing Landbobank. Aktieselskab,3.51,3.20,3.40,1.90,1.60,1.70,1.60,1.00,1.20,0.60,0.10,0.70,0.60,0.60,1.20,2.20,1.80,1.10,1.00,0.90
Rise Flemløse Sparekasse,12.70,11.90,13.80,8.30,8.00,9.90,4.80,2.40,4.10,7.30,6.10,3.80,3.50,3.50,2.50,2.70,2.70,5.20,4.03,5.09
"Rødding, J.A.K. Andelskasse",1.30,1.10,1.10,0.50,2.10,0.70,0.50,0.50,,,,,,,,,,,,
Rønde Sparekasse,1.60,3.50,4.60,2.90,1.60,2.00,3.50,3.50,6.10,5.20,8.90,7.20,5.65,2.60,3.20,2.00,1.80,2.60,3.23,3.97
Roskilde Bank A/S,0.80,1.60,6.00,3.90,1.20,0.40,-0.60,-1.40,,,,,,,,,,,,
Roslev Sparekasse,0.60,4.50,5.30,0.00,1.80,2.10,,,,,,,,,,,,,,
Ryslinge Andelskasse,3.50,5.10,4.90,5.20,6.10,6.50,0.00,7.20,6.50,6.60,12.10,,,,,,,,,
Salling Bank A/S,1.70,2.30,3.30,5.30,4.70,5.50,3.50,3.40,4.60,1.90,-1.70,-1.20,-0.50,0.70,0.60,1.60,1.60,2.10,3.30,0.60
Sammenslutningen Danske Andelskasser,1.00,0.80,0.70,0.50,0.50,0.30,0.10,0.00,0.00,0.10,-0.30,,,,,,,,,
Saxo Bank A/S,,1.40,0.60,0.40,2.20,1.90,1.20,2.60,1.50,7.20,12.20,1.60,1.30,2.00,2.90,2.99,4.81,4.20,2.80,1.61
Saxo Privatbank A/S,6.40,5.60,7.00,5.60,4.50,4.50,1.90,1.80,1.20,5.70,2.80,2.41,1.14,1.03,1.30,2.68,2.00,3.70,,
Saxo Treasury Bank A/S,,0.12,0.20,0.40,0.40,0.72,0.01,0.19,0.24,0.01,7.04,,,,,,,,,
Sdr. Lem Andelskasse,13.30,8.06,3.50,4.70,0.00,,,,,,,,,,,,,,,
Skælskør Bank Aktieselskab,0.90,1.60,2.70,2.20,1.70,2.40,1.70,1.10,5.20,1.60,,,,,,,,,,
SkandiaBanken A/S,10.20,5.10,,,,,,,,,,,,,,,,,,
Skandinaviska Enskilda Banken A/S,1.70,1.40,1.20,1.30,0.90,0.10,0.20,0.20,0.10,0.00,0.00,0.00,,,,,,,,
Skjern Bank A/S,3.64,2.00,0.00,0.50,-0.10,1.10,0.80,0.40,0.70,1.30,1.00,0.00,-2.80,-1.30,-2.10,-0.80,0.80,1.90,1.70,1.60
"Slagelse, Andelskassen J.A.K.",3.90,1.99,1.04,3.61,0.52,0.97,1.46,0.39,1.53,5.78,4.50,-5.90,-0.60,-1.17,-2.73,0.00,,,,
Snedsted-Nørhå Sparekasse,5.40,6.60,2.60,3.40,2.80,,,,,,,,,,,,,,,
Snesere Sogns Spare- og Lånekasse,0.10,,,,,,,,,,,,,,,,,,,
Søby-Skader-Halling Sparekasse,7.70,3.20,5.50,7.00,4.30,6.40,4.80,4.70,4.10,4.40,4.40,4.70,6.20,4.00,1.80,1.90,2.00,,,
Sønderhå-Hørsted Sparekasse,3.10,2.40,3.30,3.70,2.90,2.00,0.70,1.10,1.20,0.90,0.71,2.10,1.80,2.30,1.60,1.20,0.40,0.30,2.05,2.29
Spar Nord Bank A/S,3.70,6.30,4.50,5.30,4.40,2.20,0.90,1.90,0.50,0.30,0.10,-0.50,-1.10,-0.30,0.30,1.60,1.15,0.69,0.18,0.57
Spar Salling Sparekasse,3.80,5.10,6.20,4.50,5.40,3.50,3.20,4.50,3.50,2.80,2.00,-1.00,,,,,,,,
Sparbank A/S,3.20,6.70,3.70,3.10,0.10,0.20,1.30,-1.20,6.90,0.60,0.40,0.50,,,,,,,,
Spare- og Laanekassen i Vium Sogn,5.15,3.30,0.50,3.70,29.20,,,,,,,,,,,,,,,
Sparebank Østjylland,1.30,3.00,3.10,4.20,3.70,4.00,2.40,1.20,2.60,2.50,1.10,0.60,,,,,,,,
Sparekassen Balling,0.00,3.50,6.30,2.80,2.30,1.30,2.10,1.30,1.80,2.10,3.60,2.30,1.60,2.20,3.30,1.50,2.80,2.80,3.17,3.16
Sparekassen Bredebro,5.60,11.50,6.10,8.60,9.00,9.90,4.10,2.30,3.60,2.60,4.30,2.60,1.50,2.10,2.50,2.40,2.90,4.10,4.11,3.25
Sparekassen Den lille Bikube,3.00,4.20,9.20,15.20,9.50,12.70,6.10,5.90,5.70,8.00,7.80,12.70,14.40,5.50,0.80,0.90,3.10,0.20,1.00,0.68
Sparekassen Djursland,3.00,4.10,3.40,4.30,3.00,5.50,3.90,2.20,4.70,2.10,2.20,1.00,1.10,2.40,2.80,2.60,1.00,4.20,3.14,3.42
Sparekassen for Nr. Nebel og Omegn,3.10,7.40,5.30,7.50,6.20,8.70,3.60,1.60,2.70,5.50,8.60,2.30,-0.30,3.70,2.20,3.80,3.60,3.00,3.28,1.96
Sparekassen Fyn A/S,3.50,2.60,3.60,4.10,3.60,2.60,1.60,2.08,-0.90,2.50,2.70,1.30,-2.20,-3.90,-0.50,1.20,,,,
Sparekassen Hobro,5.30,7.50,5.60,5.30,2.80,4.00,2.40,1.60,2.00,1.70,1.60,1.10,1.30,1.70,,,,,,
Sparekassen Hvetbo A/S,3.10,5.10,6.50,6.60,1.50,1.80,1.40,1.20,0.50,-0.30,0.30,-0.80,,,,,,,,
Sparekassen i Skals,1.10,6.10,6.60,2.60,1.10,3.10,1.50,1.00,1.00,0.60,0.40,-0.30,,,,,,,,
Sparekassen Kronjylland,5.00,5.00,6.30,4.20,6.40,3.40,5.10,4.00,7.90,3.70,3.50,0.50,0.40,0.70,0.10,0.50,0.20,0.10,0.10,0.10
Sparekassen Limfjorden,2.30,1.50,2.70,3.40,2.20,3.00,2.70,1.30,2.70,2.50,3.00,3.70,,,,,,,,
Sparekassen Midtdjurs,7.10,5.05,7.40,5.70,6.80,9.20,6.40,6.90,8.10,6.20,4.50,,,,,,,,,
Sparekassen Nordmors,8.20,12.10,7.50,8.80,4.70,6.30,6.50,6.06,,,,,,,,,,,,
Sparekassen Sjælland-Fyn A/S,6.28,6.00,3.70,4.80,3.50,3.30,2.10,0.60,0.90,-0.60,-1.30,1.40,-1.18,-3.00,-1.20,0.80,-0.60,0.80,-1.20,0.00
Sparekassen Spar Mors,1.40,1.50,0.00,1.70,2.20,2.50,1.90,1.70,,,,,,,,,,,,
Sparekassen Thy,4.90,4.90,4.50,2.90,2.70,2.90,3.00,1.50,3.00,2.00,2.70,1.90,2.40,1.90,2.70,2.60,1.20,1.90,1.56,2.26
Sparekassen Vendsyssel,4.70,6.30,6.10,4.20,3.40,5.10,4.20,2.30,4.00,1.90,2.40,0.00,-0.84,0.00,0.00,0.50,0.00,1.10,1.41,1.29
St. Brøndum Sparekasse,3.00,4.00,6.90,2.60,0.00,1.50,2.10,2.30,,,,,,,,,,,,
Stadil Sparekasse,8.70,8.44,8.82,9.05,7.14,7.82,7.77,8.51,9.00,6.50,4.80,4.20,1.30,3.10,2.00,0.60,1.00,0.60,0.04,0.00
"Sundsøre, Sparekassen",1.80,4.23,4.70,12.10,5.90,7.00,,,,,,,,,,,,,,
Sydbank A/S,4.42,4.20,5.90,4.80,3.40,2.40,2.00,2.60,1.40,1.00,1.50,-0.90,-1.80,0.70,0.00,2.80,1.60,-0.80,-1.30,1.60
"Tarm Bank, Aktieselskabet",3.29,5.70,,,,,,,,,,,,,,,,,,
Thiset og Omegns Spare- Og Lånekasse,6.00,6.80,6.00,8.90,7.40,9.20,,,,,,,,,,,,,,
Thisted Andelskasse,0.00,0.00,0.00,0.00,0.00,0.00,0.00,0.00,0.00,,,,,,,,,,,
Tødsø-Erslev Sparekasse,0.00,3.37,,,,,,,,,,,,,,,,,,
Tønder Bank A/S,6.63,10.30,6.10,5.20,3.30,2.50,2.80,1.40,0.90,0.70,0.60,-0.10,,,,,,,,
Totalbanken A/S,-0.20,0.00,-0.30,1.00,1.10,1.30,1.90,1.20,0.70,-0.30,-0.10,-1.90,-1.40,-1.30,-2.60,0.60,1.23,1.87,1.09,-0.42
Tved Sparekasse,4.30,5.50,4.10,-9.20,3.90,2.20,3.80,1.90,1.10,4.40,,,,,,,,,,
Ulfborg Sparekasse,8.90,9.40,7.60,7.20,6.60,8.20,7.70,4.80,5.70,6.60,5.50,6.10,9.40,9.30,6.90,,,,,
Ulsted Sparekasse,2.60,3.80,5.40,5.10,4.80,4.80,2.70,1.70,,,,,,,,,,,,
Vendsyssel Bank A/S,3.90,3.30,,,,,,,,,,,,,,,,,,
Vestfyns Bank A/S,2.78,3.10,3.70,2.10,1.70,1.70,1.20,0.50,2.00,1.20,-1.10,-1.50,-0.30,,,,,,,
Vestjysk Bank A/S,1.50,3.90,0.20,1.10,1.30,0.90,2.10,2.10,2.90,-1.60,-1.90,-4.60,-11.50,-4.90,-4.70,-5.10,-3.01,-1.16,-0.53,0.66
"Vinderup Bank, A/S",4.80,4.00,0.90,1.80,1.80,2.70,2.90,-0.10,1.20,1.00,-0.90,-0.30,,,,,,,,
Vistoft Sparekasse,9.00,6.30,3.30,3.80,5.60,4.00,2.30,0.00,0.00,0.00,0.00,0.00,0.00,0.00,,,,,,
Vokslev Sogns Spare- og Laanekasse,13.00,16.90,18.70,14.30,7.80,15.20,11.00,6.47,2.70,2.50,0.13,2.79,,,,,,,,
Vorbasse-Hejnsvig Sparekasse,4.80,4.70,3.40,4.00,1.90,2.20,2.10,2.10,3.00,1.40,2.70,0.30,0.00,-0.30,0.10,,,,,
Vordingborg Bank A/S,6.50,-0.20,8.40,4.60,4.20,8.00,4.00,2.70,2.00,2.00,2.90,2.60,1.10,,,,,,,
