A/S Nørresundby Bank,8.87,8.10,8.90,17.60,12.20,12.40,19.50,13.00,2.10,2.60,4.80,3.20,5.60,6.40,9.40,,,,,
Aarhus Lokalbank Aktieselskab,11.40,9.10,8.30,16.90,14.90,18.30,17.70,12.70,-0.70,0.10,-84.40,-88.10,,,,,,,,
Aars Bank A/S,-23.50,,,,,,,,,,,,,,,,,,,
Agri-Egens Sparekasse,3.50,-11.60,0.30,-31.00,4.70,6.50,16.60,5.40,-3.50,-0.90,,,,,,,,,,
Aktieselskabet Arbejdernes Landsbank,9.20,6.30,5.10,16.10,10.30,9.00,11.80,6.70,-2.10,2.60,4.40,1.20,13.50,11.20,6.60,5.50,7.65,18.57,4.42,7.94
"Alfred Berg SE, Copenhagen Branch",94.80,19.00,1.30,0.10,46.20,,,,,,,,,,,,,,,
Alm. Brand Bank A/S,5.70,8.30,13.80,14.70,15.40,16.10,11.10,11.50,-37.20,-243.70,-60.10,-84.60,-39.10,-34.70,-10.00,-15.40,2.40,3.50,1.20,0.60
Almind Sparekasse,-2.50,1.30,0.60,-0.80,-8.40,-4.50,,,,,,,,,,,,,,
Amagerbanken,14.70,12.90,-4.20,17.90,19.20,30.40,27.50,18.10,-29.50,-26.60,-476.40,,,,,,,,,
Andelskassen Fælleskassen,0.10,-15.40,7.00,7.60,9.90,12.70,15.00,12.50,9.30,6.70,0.90,4.10,4.10,3.40,4.30,6.70,5.40,2.20,0.82,7.08
Andelskassen OIKOS,7.60,2.40,2.20,-5.00,3.40,4.50,10.80,-2.10,-3.18,-1.50,-6.80,5.60,5.50,-2.70,3.05,3.31,0.90,3.10,11.51,
Århus Andelskasse,-6.30,2.40,1.00,-3.00,-36.60,,,,,,,,,,,,,,,
ArosMaizels Investment Bank A/S,3.70,,,,,,,,,,,,,,,,,,,
"Arts Herred, Sparekassen for",8.60,7.00,9.40,11.60,12.40,10.80,13.40,-3.50,-20.00,-3.60,-3.00,-51.20,,,,,,,,
Astrup-Tulstrup-Hvilsted Sparekasse,0.80,1.70,4.40,-1.70,1.70,-3.70,-2.40,,,,,,,,,,,,,
Bank DNB  A/S,,,,,,,6.75,8.06,-7.13,-56.26,-28.26,6.61,,,,,,,,
Bank Trelleborg A/S,7.40,7.70,7.40,11.40,7.10,7.30,11.40,-4.00,,,,,,,,,,,,
Basisbank A/S,-291.00,-75.50,-16.40,3.50,26.90,50.60,28.50,4.60,-34.20,-3.70,-33.60,-64.20,-163.40,-74.90,2.10,-173.70,37.60,17.30,24.14,10.56
BG Bank A/S,4.30,,,,,,,,,,,,,,,,,,,
Boddum-Ydby Sparekasse,4.60,4.80,4.80,4.30,9.20,6.40,8.60,6.50,0.20,2.20,4.10,-3.80,,,,,,,,
Bonusbanken A/S,5.57,9.50,9.10,14.10,9.30,14.10,9.60,7.80,,,,,,,,,,,,
Borbjerg Sparekasse,7.90,10.10,9.20,0.90,8.00,8.80,19.98,4.20,-1.10,6.90,4.80,1.00,9.30,8.90,10.80,9.50,8.80,11.40,9.43,12.69
"Brenderup, J.A.K. Andelskassen",0.45,0.10,1.70,-15.00,-15.70,8.50,9.10,-11.10,-2.87,,,,,,,,,,,
BRFkredit Bank a/s,5.70,2.80,6.70,6.00,8.10,7.90,7.10,4.40,-8.80,-65.90,-7.20,-9.20,-4.30,-5.70,-17.50,,,,,
Broager Sparekasse,8.40,5.60,4.80,4.50,4.40,6.60,9.70,6.10,-3.30,4.00,0.10,2.40,-24.20,4.40,10.90,6.30,10.70,9.80,8.56,11.55
Brovst Sparekasse,1.20,1.60,4.00,5.90,5.50,10.30,,,,,,,,,,,,,,
Canto Bank A/S,,,,,,,,,,,,,,,,,,,0.36,1.24
Capinordic Bank A/S,,,,,,0.00,0.71,7.06,-17.14,,,,,,,,,,,
Carnegie Bank A/S,152.10,94.10,41.50,45.00,110.60,27.40,25.00,20.50,-13.70,-33.10,0.00,-22.10,6.50,,,,,,,
Coop Bank A/S,,,,,,,,,,,,,,-61.50,-40.60,-35.20,-26.42,-20.41,-11.05,-3.11
Danske Andelskassers Bank A/S,5.40,2.70,5.80,27.20,13.80,16.10,33.80,12.30,-23.90,3.70,6.60,-12.70,-11.80,-37.10,2.40,-1.10,1.90,6.00,8.80,22.40
Danske Bank A/S,11.60,16.10,14.00,15.40,13.20,17.21,16.30,14.80,-0.40,1.00,4.20,1.10,3.50,5.50,2.60,8.20,11.90,12.40,8.80,9.00
Den Jyske Sparekasse,9.00,8.60,7.60,11.60,7.60,10.90,10.90,5.30,-2.70,-2.80,0.70,-8.30,-9.70,-15.80,-9.10,2.58,5.21,9.31,,
Den Jyske Sparekasse A/S,,,,,,,,,,,,,,,,,,,6.71,8.76
Den lille Sparekasse,9.50,7.20,9.90,15.80,9.40,13.10,16.40,6.30,-37.70,,,,,,,,,,,
Dexia Bank A/S,5.20,-12.30,0.10,1.40,5.30,19.40,6.00,6.40,2.51,-11.16,-18.46,-18.20,-40.59,,,,,,,
DiBa Bank A/S,10.20,9.00,7.20,18.50,11.70,15.60,13.50,5.50,-15.00,-16.80,-8.00,9.50,-26.40,-79.90,,,,,,
Djurslands Bank A/S,11.90,12.60,10.80,18.10,10.20,13.10,15.80,13.30,2.90,6.50,5.60,3.40,6.40,4.80,7.10,6.90,8.70,10.10,7.10,10.20
Dragsholm Sparekasse,9.40,5.80,10.40,30.10,6.20,19.40,11.60,4.50,-4.40,-2.00,2.80,0.80,-3.00,-0.10,0.60,-2.90,5.70,4.40,2.97,7.35
Dragstrup-Skallerup Sparekasse,3.10,1.90,1.00,-2.20,-4.70,,,,,,,,,,,,,,,
Dronninglund Sparekasse,5.90,8.10,2.90,5.90,6.70,6.60,7.80,5.40,1.00,1.10,-2.20,2.30,2.80,-19.10,2.20,5.20,6.20,8.20,2.80,
Durup Sparekasse,5.60,-1.80,0.60,5.70,5.20,9.50,,,,,,,,,,,,,,
"Ebeltoft, Andelskassen J.A.K",5.70,3.50,-1.40,5.60,3.60,2.10,3.10,5.60,0.80,0.70,-2.40,1.60,-3.70,,,,,,,
EBH Bank A/S,10.90,12.30,15.60,19.90,23.10,24.10,20.80,25.40,,,,,,,,,,,,
Egnsbank Fyn A/S,9.39,5.80,,,,,,,,,,,,,,,,,,
Eik Bank Danmark A/S,,-7.30,-15.40,3.30,7.20,19.60,25.10,12.00,-19.80,-31.00,-5.80,,,,,,,,,
Ekspres Bank A/S,,,,,,,,22.58,-0.83,-5.16,1.87,6.46,11.95,16.08,21.89,17.68,24.94,22.47,12.56,8.25
Facit Bank A/S,,,,,,,,,,,,,,,,,,,,-19.23
Fanefjord Sparekasse,4.70,9.40,10.10,8.20,8.20,8.80,15.50,6.50,-0.90,-0.90,1.00,-1.60,,,,,,,,
Fanø Sparekasse,10.10,9.50,10.20,7.10,8.70,9.00,15.50,2.20,-6.40,7.20,4.30,0.90,1.70,1.50,6.20,-2.70,0.20,-15.40,1.66,8.60
"Farsø, Sparekassen",9.80,5.50,4.60,11.50,8.90,11.20,17.00,10.80,-7.20,-6.80,-19.50,-23.30,,,,,,,,
Faster Andelskasse,2.00,6.40,6.80,7.00,8.30,7.60,12.30,1.20,-8.60,3.00,2.80,-8.40,3.20,2.50,3.30,3.20,2.17,2.48,3.73,1.19
FIH Erhvervsbank A/S,,,11.60,9.70,10.10,13.10,15.30,15.00,1.50,0.70,6.50,-14.80,-23.49,3.90,-0.65,0.38,,,,
FIH Kapital Bank A/S,,,,,,,,7.50,2.60,0.70,0.00,5.60,-3.80,,,,,,,
Finansbanken A/S,1.80,-6.10,-22.80,0.20,12.10,4.70,2.90,13.50,-6.90,-37.30,,,,,,,,,,
Fionia Bank A/S,11.10,10.10,8.10,12.30,11.40,15.90,19.10,12.60,-64.00,,,,,,,,,,,
Fjaltring-Trans Sparekasse,6.40,6.20,5.90,4.50,6.30,-0.10,-1.85,5.61,2.32,10.00,-1.58,4.39,9.29,-0.10,-1.50,-8.30,-1.70,,,
Fjordbank Mors A/S,15.30,7.40,7.00,11.50,11.20,11.80,16.20,15.30,-12.10,-28.30,-17.20,,,,,,,,,
Flakkebjerg og Omegns Sparekasse,1.20,-3.90,0.70,-6.60,-3.00,-7.00,,,,,,,,,,,,,,
Flemløse Sparekasse,9.00,7.60,3.90,24.60,7.80,7.60,9.93,8.80,0.50,0.70,4.20,0.80,-6.50,5.50,6.50,5.30,0.30,,,
Folkesparekassen,7.60,6.40,8.30,8.30,7.50,0.40,7.90,9.10,4.10,4.00,3.10,1.70,3.00,3.50,3.20,1.30,4.20,4.40,0.77,3.11
Forstædernes Bank A/S,16.30,13.20,8.10,12.40,19.00,22.60,25.90,14.00,-46.60,,,,,,,,,,,
Frørup Andelskasse,11.50,7.70,10.50,10.50,12.70,11.80,16.30,7.50,-4.10,8.50,6.40,-0.90,6.00,6.20,2.80,2.70,3.20,4.28,1.13,7.02
Frøs Sparekasse,7.30,7.20,3.90,12.00,6.40,9.00,10.40,6.50,0.20,3.60,-3.80,2.10,2.50,0.20,3.10,-8.20,10.20,4.20,5.77,5.95
Frøslev-Mollerup Sparekasse,8.10,4.90,5.90,6.00,5.30,5.20,9.57,5.10,-2.60,3.50,0.50,3.50,8.30,4.40,-0.30,3.00,3.00,8.43,7.46,6.92
Fruering-Vitved Sparekasse,7.60,0.51,3.90,-4.30,7.30,4.40,16.50,3.40,-6.70,-2.70,-4.00,,,,,,,,,
Funder Fælleskasse Andelskasse,2.10,2.40,2.10,1.60,1.30,1.70,1.80,2.50,2.30,1.10,0.80,0.70,0.40,0.20,,,,,,
Fuur Sparekasse,2.00,2.00,2.50,-0.60,2.10,0.40,,,,,,,,,,,,,,
Fynske Bank A/S,9.80,8.80,12.40,15.30,11.60,12.20,14.30,11.70,7.40,4.40,5.60,3.80,2.10,2.20,5.70,4.30,8.10,7.80,8.40,7.10
Galten Sparekasse,11.60,1.50,8.20,7.10,6.90,9.40,14.70,,,,,,,,,,,,,
"Grønlandsbanken, Aktieselskab",12.40,15.10,14.10,12.10,12.00,9.10,10.50,12.00,7.60,10.40,9.20,7.60,11.20,9.80,10.00,8.00,8.41,9.60,9.78,12.51
Gudme Raaschou Bank A/S,3.50,-34.60,-18.20,4.30,18.30,16.10,13.20,7.50,-507.70,,,,,,,,,,,
Hals Sparekasse,7.00,4.00,10.10,3.20,6.90,7.30,20.80,6.60,-2.80,4.60,1.00,2.60,1.40,-1.80,-11.80,,,,,
Hårslev Sparekasse,0.30,1.10,7.60,2.10,7.00,8.30,8.90,-96.70,,,,,,,,,,,,
Hassing-Villerslev Sparekasse,-2.10,2.80,,,,,,,,,,,,,,,,,,
Helgenæs Sparekasse,5.90,0.40,5.40,2.20,6.70,3.40,1.50,0.94,-27.42,11.60,16.40,23.80,,,,,,,,
Hellevad-Ørum Sparekasse,7.50,7.70,10.70,7.20,7.50,,,,,,,,,,,,,,,
Helligsø-Gettrup Sparekasse,3.10,4.80,0.70,2.10,-32.40,,,,,,,,,,,,,,,
Holstebro Andelskasse J.A.K,0.50,2.80,2.30,1.20,-0.13,,,,,,,,,,,,,,,
Hover Sparekasse,4.30,5.10,12.39,1.04,0.18,-1.94,0.03,,,,,,,,,,,,,
Hunstrup-Østerild Sparekasse,2.30,1.40,8.20,4.80,10.80,11.00,7.40,4.50,-1.10,0.90,0.90,0.80,,,,,,,,
HVIDBJERG BANK A/S,,,,,,,,,,,,,,,,,,,,18.32
Hvidbjerg Bank. Aktieselskab,12.80,10.70,9.70,19.20,8.00,8.20,11.10,5.90,2.30,1.50,-10.10,-10.20,-21.50,-10.60,11.50,16.90,9.84,11.02,12.51,
Hvidbjerg-Ørum Sparekasse,2.80,4.60,3.50,-2.20,-4.20,,,,,,,,,,,,,,,
Hvilsager-Lime Sparekasse,3.90,3.70,5.40,-2.30,-5.70,,,,,,,,,,,,,,,
J.A.K. Andelskassen Varde,4.31,4.55,7.78,2.70,2.51,4.23,3.49,5.59,4.01,0.76,-1.71,-15.31,,,,,,,,
J.A.K. Østfyns Andelskasse,1.28,1.50,0.20,0.99,-1.20,-0.50,0.00,,,,,,,,,,,,,
"JAK-Andelskassen, Hjørring",-1.10,-2.60,,,,,,,,,,,,,,,,,,
Jelling Sparekasse,4.30,3.70,6.70,7.30,7.40,9.20,16.50,,,,,,,,,,,,,
Jelstrup-Lyngby Sparekasse,2.90,,,,,,,,,,,,,,,,,,,
Jerslev Sparekasse,-0.90,3.00,3.00,5.70,9.00,7.60,,,,,,,,,,,,,,
Jutlander Bank A/S,8.40,6.40,8.70,15.50,11.80,13.50,16.60,13.80,2.40,1.40,-2.60,-6.90,0.50,0.40,1.10,8.20,7.50,9.30,7.65,11.93
Jyske Bank A/S,19.20,10.30,8.00,17.40,18.00,19.20,22.20,17.80,9.60,4.00,5.90,3.60,4.00,10.90,13.70,8.60,10.00,9.40,7.30,7.00
Klim Sparekasse,10.60,6.70,4.00,9.00,11.90,13.50,19.80,10.10,-0.40,6.80,0.50,2.60,6.10,8.70,10.30,7.30,8.30,9.90,6.86,12.12
Københavns Andelskasse,-2.40,-21.40,1.90,6.80,6.00,12.90,11.10,2.80,-8.70,3.50,-3.20,-8.00,4.20,-201.90,11.40,16.60,-7.60,6.70,,
Kongsted Sparekasse,7.38,-4.00,13.60,3.00,14.20,7.40,10.50,5.90,-1.40,0.00,5.90,-5.30,-50.60,,,,,,,
Kreditbanken A/S,12.70,9.50,11.60,17.50,13.10,14.40,15.70,15.00,7.70,0.90,3.60,2.70,2.80,3.10,5.50,5.60,7.50,12.30,14.90,14.00
Lægernes Bank A/S,7.10,7.00,14.70,5.70,5.40,8.20,4.10,-1.30,0.80,5.70,-0.50,-1.00,3.30,3.40,7.40,11.40,13.52,14.83,5.96,6.05
Lån & Spar Bank A/S,6.50,5.10,5.60,4.80,3.40,6.40,4.60,4.00,-0.10,4.60,6.20,5.40,10.00,8.10,10.60,9.80,12.20,13.40,9.00,9.50
Langå Sparekasse,13.40,5.10,8.60,8.00,7.70,11.70,13.60,7.40,0.80,-3.10,1.00,2.10,2.30,6.30,3.60,2.80,3.70,5.40,2.28,5.53
Leasing Fyn Bank A/S,11.70,6.70,10.10,13.90,12.50,15.10,13.30,14.90,3.90,4.20,6.00,8.20,7.40,6.80,8.40,7.50,6.00,7.60,8.30,7.10
"Løgumkloster, Sparekassen",6.50,0.40,1.00,6.40,4.70,7.10,13.40,9.90,-12.60,,,,,,,,,,,
Lokalbanken i Nordsjælland a/s,9.50,9.10,11.80,19.50,13.10,14.40,17.60,9.50,-16.60,,,,,,,,,,,
Løkken Sparebank A/S,7.30,3.40,3.10,5.10,2.80,14.50,11.40,7.60,-180.30,,,,,,,,,,,
"Lolland A/S, Sparekassen",9.60,7.40,8.40,12.70,7.10,9.90,11.00,8.30,-4.50,-11.20,-8.60,-15.70,,,,,,,,
Lollands Bank A/S,8.90,6.70,7.00,17.40,12.00,14.70,18.90,11.70,1.20,4.70,7.00,1.90,2.60,7.10,-5.70,8.60,16.03,13.66,14.07,10.93
Lunar Bank A/S,,,,,,,,,,,,,,,,,,,,-5.49
Lunde-Kvong Andelskasse,4.22,0.51,0.27,2.58,-4.50,3.28,3.60,1.12,-6.11,4.35,-13.57,,,,,,,,,
Maj Bank A/S,,,,,,,,,,,,,,,,-37.20,-11.37,-25.64,-13.10,-10.10
Max Bank af 2011 A/S,6.20,8.00,11.50,16.70,14.10,17.10,21.70,9.20,-28.60,-9.90,-7.10,,,,,,,,,
Merkur Andelskasse,5.40,6.10,5.60,3.00,4.10,7.30,3.40,6.60,3.60,1.80,0.30,-5.70,-0.60,2.00,2.90,3.30,7.14,-5.99,0.97,2.66
Middelfart Sparekasse,3.00,3.90,9.10,16.70,9.10,7.00,11.90,5.10,-7.80,-4.90,-10.50,0.20,1.50,4.00,8.80,0.50,9.40,9.80,7.90,11.22
"Midt Vest, Sparekassen",9.40,3.50,5.60,6.80,5.90,8.20,,,,,,,,,,,,,,
"Midtbank, Aktieselskab",12.60,-8.10,,,,,,,,,,,,,,,,,,
"Midtfjord, Sparekassen",5.90,-2.30,7.00,8.80,8.40,11.50,8.60,4.90,-10.50,2.40,-159.10,,,,,,,,,
Møns Bank A/S,12.00,8.60,8.10,18.10,14.10,13.30,17.00,9.40,3.20,5.40,1.90,-4.20,2.60,-6.30,7.80,6.90,7.07,8.65,7.88,7.51
Mørke Sparekasse,3.90,3.90,-4.70,3.20,6.50,6.70,10.20,,,,,,,,,,,,,
Morsø Andelskasse JAK,-10.90,4.00,-5.50,7.50,6.60,6.80,-25.49,,,,,,,,,,,,,
"Morsø Bank, Aktieselskabet",8.80,8.30,-8.70,12.70,10.80,11.90,8.70,9.70,0.40,-39.40,,,,,,,,,,
Nees Sparekasse,0.40,1.70,,,,,,,,,,,,,,,,,,
Nordea Bank Danmark A/S,24.40,12.10,14.60,17.20,14.30,16.80,19.15,15.07,9.06,4.80,11.00,6.40,4.70,9.70,13.10,8.60,,,,
Nordea Investment Management Bank A/S,,28.70,23.40,29.10,38.90,13.20,,,,,,,,,,,,,,
Nordea Securities Bank Danmark A/S,,54.80,,,,,,,,,,,,,,,,,,
"Nordfyns Bank, Aktieselskabet",16.40,12.40,13.70,25.30,14.20,15.50,16.30,11.40,-4.20,2.70,1.60,5.10,13.40,8.90,10.00,9.90,10.90,14.60,9.00,10.00
Nordjyske Bank A/S,11.70,11.80,11.40,16.30,11.30,12.90,18.80,14.30,5.40,6.20,8.00,4.10,4.80,4.00,6.40,2.70,6.90,9.40,,
Nykredit Bank A/S,3.10,4.80,3.50,10.30,9.60,13.00,16.00,14.70,-3.60,-0.90,3.30,3.10,0.50,0.50,-13.20,10.70,3.81,17.11,8.19,5.66
Nykredit Portefølje Bank A/S,22.10,10.70,13.30,9.60,12.30,30.70,28.60,,,,,,,,,,,,,
Ø. Brønderslev Sparekasse,5.10,5.40,2.10,4.70,7.90,4.30,9.20,1.80,-3.10,0.40,,,,,,,,,,
Øster og Vester Alling Sparekasse,4.10,1.90,,,,,,,,,,,,,,,,,,
Østervrå Andelskasse,2.10,3.00,-3.60,3.20,6.30,5.00,10.30,6.10,3.20,-2.40,-15.30,1.20,3.30,7.90,6.49,-6.33,-24.90,114.30,-61.12,-65.44
Østjydsk Bank A/S,14.12,13.80,11.80,20.90,15.20,15.50,16.30,14.90,6.40,2.90,1.40,1.10,-24.10,-50.40,-87.60,-8.70,3.05,-50.40,,
Østvendsyssel J.A.K. Andelskassen,-27.40,0.70,,,,,,,,,,,,,,,,,,
PenSam Bank A/S,2.80,14.00,13.80,10.50,10.20,14.80,-2.60,-0.90,-5.20,7.90,5.80,9.20,6.00,-4.90,-3.40,1.30,3.39,1.52,-0.70,1.80
PFA Bank A/S,,,,,,,,,6.82,-72.26,-10.11,-6.67,-40.64,-11.37,-4.50,6.90,3.80,2.54,,
"Ravsted, Sparekassen",8.00,-4.10,,,,,,,,,,,,,,,,,,
Refsnæs Sparekasse,6.40,8.80,6.50,-0.80,-4.40,-2.20,7.40,1.00,-1.50,6.30,-8.00,-3.20,-3.00,-3.60,1.20,-8.40,2.40,,,
"Ringkjøbing Bank, Aktieselskabet",11.50,10.80,8.50,16.90,13.50,12.40,19.80,12.90,,,,,,,,,,,,
Ringkjøbing Landbobank. Aktieselskab,13.90,14.00,15.20,21.00,16.70,18.30,26.80,20.00,13.50,12.10,11.80,11.90,12.70,12.80,14.90,14.30,15.80,15.97,12.10,13.20
Rise Flemløse Sparekasse,8.40,-3.80,-3.60,-16.30,-9.20,1.30,20.70,9.60,-3.30,8.00,3.20,-2.50,3.90,5.90,7.70,8.20,6.40,9.00,2.87,11.77
"Rødding, J.A.K. Andelskasse",4.00,3.70,0.10,0.10,0.10,0.10,0.90,-6.20,,,,,,,,,,,,
Rønde Sparekasse,9.70,8.20,9.50,15.10,7.90,10.80,11.40,6.10,0.50,3.10,3.80,1.60,6.41,0.80,5.50,6.80,7.90,3.80,2.78,4.48
Roskilde Bank A/S,15.50,13.50,14.00,23.80,19.70,28.70,24.60,9.40,,,,,,,,,,,,
Roslev Sparekasse,2.00,-0.80,2.70,8.70,10.90,11.90,,,,,,,,,,,,,,
Ryslinge Andelskasse,5.50,1.40,5.10,2.90,4.20,8.20,4.60,-1.30,-21.10,7.90,-49.00,,,,,,,,,
Salling Bank A/S,10.50,1.10,5.80,16.50,12.00,10.50,11.20,10.30,-1.00,1.40,3.80,-3.40,2.80,4.30,6.40,8.00,8.90,7.40,6.02,6.00
Sammenslutningen Danske Andelskasser,4.10,4.00,8.90,15.20,10.70,18.80,23.90,10.00,-14.60,-11.30,-12.10,,,,,,,,,
Saxo Bank A/S,,17.20,24.20,47.10,66.30,57.50,37.50,36.10,27.00,10.80,24.80,20.30,2.10,4.50,10.44,-15.40,8.11,9.70,19.30,0.60
Saxo Privatbank A/S,6.10,1.70,2.10,11.60,9.30,18.10,19.10,8.30,-56.20,-21.40,-58.50,-87.90,-82.50,11.80,4.68,9.72,-2.10,11.90,,
Saxo Treasury Bank A/S,,-23.84,-24.90,-26.10,4.20,34.00,35.55,20.80,-3.27,-9.09,-45.20,,,,,,,,,
Sdr. Lem Andelskasse,7.10,-9.60,-9.60,8.40,5.80,,,,,,,,,,,,,,,
Skælskør Bank Aktieselskab,7.90,7.60,8.60,14.10,10.90,10.40,14.60,12.90,-32.30,-80.80,,,,,,,,,,
SkandiaBanken A/S,1.60,-16.60,,,,,,,,,,,,,,,,,,
Skandinaviska Enskilda Banken A/S,-8.30,-6.50,-2.50,20.90,3.10,5.00,3.90,11.10,7.20,7.60,6.50,6.30,,,,,,,,
Skjern Bank A/S,11.31,10.00,9.40,20.90,13.50,17.20,16.80,9.00,-11.60,-21.70,0.90,1.30,2.10,4.40,-10.20,7.10,12.60,15.70,16.80,14.10
"Slagelse, Andelskassen J.A.K.",5.40,2.40,2.22,6.99,9.13,3.66,-2.17,7.70,0.19,-6.02,-2.92,-23.30,-6.50,-48.66,-28.73,40.58,,,,
Snedsted-Nørhå Sparekasse,-1.90,10.50,8.50,6.50,9.50,,,,,,,,,,,,,,,
Snesere Sogns Spare- og Lånekasse,1.20,,,,,,,,,,,,,,,,,,,
Søby-Skader-Halling Sparekasse,6.90,5.50,11.20,4.30,9.80,8.00,9.20,5.80,-9.60,7.00,1.10,-0.70,3.40,7.80,5.70,-1.30,2.20,,,
Sønderhå-Hørsted Sparekasse,10.80,7.30,8.70,6.50,9.10,11.10,15.90,6.30,3.40,3.30,3.90,1.70,5.60,8.50,4.10,9.70,8.90,9.20,11.67,14.63
Spar Nord Bank A/S,15.50,3.50,6.40,11.80,14.20,17.80,24.80,17.50,2.30,2.90,2.50,6.10,4.20,8.60,9.00,12.00,10.16,11.26,10.22,11.15
Spar Salling Sparekasse,4.40,3.00,4.80,6.70,4.70,5.20,8.40,5.60,-4.20,-2.10,0.40,-9.70,,,,,,,,
Sparbank A/S,10.40,7.70,12.50,18.30,11.70,17.10,12.90,9.40,-18.90,-6.90,1.40,-20.50,,,,,,,,
Spare- og Laanekassen i Vium Sogn,3.55,0.20,2.40,-14.00,-123.60,,,,,,,,,,,,,,,
Sparebank Østjylland,8.90,8.40,7.10,8.40,6.70,7.20,9.90,6.00,-24.70,-24.80,-2.70,-46.40,,,,,,,,
Sparekassen Balling,5.70,4.10,5.00,3.40,3.70,7.00,9.90,8.70,-6.30,6.50,4.20,-0.90,5.80,-2.40,3.60,3.30,4.40,6.40,5.45,7.00
Sparekassen Bredebro,5.80,1.70,0.30,4.50,7.20,7.90,14.90,3.50,-4.00,1.30,2.20,1.70,2.70,1.20,2.00,2.10,1.10,7.50,0.63,6.77
Sparekassen Den lille Bikube,11.60,9.40,13.30,8.40,13.30,15.10,14.00,15.60,11.80,0.10,-4.00,-3.80,-1.10,-0.90,-0.70,5.60,3.40,1.70,-0.31,3.55
Sparekassen Djursland,7.10,2.90,2.90,10.30,8.10,7.00,4.80,2.90,-6.70,6.00,-2.70,-14.60,9.90,2.80,5.60,6.50,6.60,7.40,6.78,8.12
Sparekassen for Nr. Nebel og Omegn,13.20,11.80,11.50,11.90,-5.00,12.30,13.90,5.90,-0.30,-1.00,3.10,-10.30,3.50,6.50,6.50,3.00,7.40,9.80,6.11,9.96
Sparekassen Fyn A/S,10.20,11.20,12.00,15.50,19.20,21.40,25.20,19.50,5.60,1.30,-7.60,1.10,-59.00,0.90,11.00,7.10,,,,
Sparekassen Hobro,9.50,2.50,4.50,8.70,7.30,11.10,11.00,8.20,2.40,1.30,1.00,-2.20,-2.80,0.90,,,,,,
Sparekassen Hvetbo A/S,4.30,5.90,6.50,9.30,10.10,9.70,10.80,8.00,-18.90,5.50,0.00,-36.30,,,,,,,,
Sparekassen i Skals,7.90,6.80,3.40,5.70,6.00,7.30,12.00,8.10,0.70,1.10,0.30,-8.10,,,,,,,,
Sparekassen Kronjylland,5.00,4.10,5.30,17.50,9.40,13.20,11.40,11.10,-6.00,1.50,0.50,-0.90,4.80,5.20,4.10,7.10,7.30,9.00,6.20,10.30
Sparekassen Limfjorden,7.30,7.80,7.30,7.10,6.00,5.00,16.20,8.10,1.20,1.30,-10.30,-73.80,,,,,,,,
Sparekassen Midtdjurs,5.60,5.50,3.70,4.20,2.90,7.40,6.00,-2.50,-14.00,1.60,-20.20,,,,,,,,,
Sparekassen Nordmors,4.20,6.50,18.50,6.70,8.40,2.10,2.78,5.40,,,,,,,,,,,,
Sparekassen Sjælland-Fyn A/S,10.99,10.30,8.70,11.00,11.90,14.10,14.10,12.20,2.40,0.70,0.90,0.40,0.92,-39.70,7.50,6.20,8.50,9.50,7.20,7.20
Sparekassen Spar Mors,3.10,10.00,0.00,4.40,5.70,-1.90,7.20,2.70,,,,,,,,,,,,
Sparekassen Thy,10.80,5.10,5.30,7.50,7.30,8.50,13.20,7.40,1.50,2.70,1.00,1.20,1.70,4.30,7.90,6.10,7.90,9.40,7.17,11.46
Sparekassen Vendsyssel,8.40,5.10,6.00,9.10,7.80,9.10,10.80,7.00,1.50,1.70,5.50,1.40,4.60,5.20,3.40,4.90,9.30,12.90,12.74,13.79
St. Brøndum Sparekasse,6.20,4.40,6.30,7.30,4.90,10.40,10.00,4.30,,,,,,,,,,,,
Stadil Sparekasse,5.50,5.32,10.70,6.17,7.75,8.80,7.80,-3.14,-20.90,13.30,8.60,-0.50,3.30,-1.00,2.30,8.60,-0.90,3.10,10.22,11.29
"Sundsøre, Sparekassen",5.30,0.24,1.70,2.30,-0.80,0.30,,,,,,,,,,,,,,
Sydbank A/S,18.63,13.70,12.10,16.50,17.00,19.90,26.70,26.20,8.80,9.60,4.40,2.00,4.80,1.80,9.80,10.10,12.70,12.90,9.60,7.50
"Tarm Bank, Aktieselskabet",11.90,10.20,,,,,,,,,,,,,,,,,,
Thiset og Omegns Spare- Og Lånekasse,1.90,7.00,4.60,-1.00,-5.40,-6.00,,,,,,,,,,,,,,
Thisted Andelskasse,5.20,2.10,1.40,3.90,2.00,2.00,11.00,4.80,2.50,,,,,,,,,,,
Tødsø-Erslev Sparekasse,3.00,6.10,,,,,,,,,,,,,,,,,,
Tønder Bank A/S,10.80,11.20,11.50,13.30,12.90,15.80,13.20,15.10,-5.50,6.30,2.90,3.60,,,,,,,,
Totalbanken A/S,11.10,9.80,9.60,15.40,14.30,20.10,25.70,20.90,-5.80,2.40,3.00,-29.10,-28.90,3.20,5.30,8.00,9.49,18.54,12.58,18.28
Tved Sparekasse,6.90,5.10,7.40,9.00,5.90,7.60,12.20,2.80,-5.50,-8.50,,,,,,,,,,
Ulfborg Sparekasse,6.30,0.40,1.40,10.90,7.20,12.10,6.40,-9.20,-22.00,9.33,5.40,-3.70,0.80,-1.30,2.20,,,,,
Ulsted Sparekasse,11.00,8.60,11.50,10.20,12.40,8.90,16.20,7.90,,,,,,,,,,,,
Vendsyssel Bank A/S,10.60,9.00,,,,,,,,,,,,,,,,,,
Vestfyns Bank A/S,11.00,8.40,6.70,17.60,10.70,12.90,15.70,11.60,5.40,0.70,2.30,1.90,6.60,,,,,,,
Vestjysk Bank A/S,21.40,17.30,7.70,17.50,11.30,13.10,15.60,13.20,13.20,-3.00,0.10,-22.70,-108.60,-46.90,-17.50,3.60,5.52,8.15,12.09,17.23
"Vinderup Bank, A/S",5.30,6.70,6.70,7.70,10.60,10.70,13.20,10.40,1.80,2.40,1.80,-5.10,,,,,,,,
Vistoft Sparekasse,-0.90,0.80,11.00,7.10,5.30,14.20,15.40,3.40,-18.50,5.70,6.20,4.90,7.70,-45.80,,,,,,
Vokslev Sogns Spare- og Laanekasse,8.30,10.20,14.70,6.20,1.20,-4.70,-4.40,1.90,3.80,7.60,3.98,6.71,,,,,,,,
Vorbasse-Hejnsvig Sparekasse,6.10,6.80,5.80,11.40,8.20,9.90,13.10,6.20,-9.00,2.70,-8.50,-4.40,-56.40,-11.90,8.40,,,,,
Vordingborg Bank A/S,11.50,7.80,9.50,11.00,8.80,8.10,10.00,4.00,4.20,-6.20,4.60,1.80,-21.10,,,,,,,